"samplesize","type","kurtx.x1","skewx.x1","rmall.SWA_mean.BM3","rmall.SWA_mean.SQM","rmall.SWA_mean.BM2","rmall.SWA_mean.WM","rmall.SWA_mean.BWM","rmall.SWA_mean.TM","rmall.SWAHLM_mean.SWAHLM2_16.BM3","rmall.SWAHLM_mean.SWAHLM2_16.SQM","rmall.SWAHLM_mean.SWAHLM2_16.BM2","rmall.SWAHLM_mean.SWAHLM2_16.WM","rmall.SWAHLM_mean.SWAHLM2_16.BWM","rmall.SWAHLM_mean.SWAHLM2_16.TM","rmall.SWAHLM_mean.SWAHLM2_16.median","rmall.SWAHLM_mean.SWAHLM3_16.MH","rmall.SWAHLM_mean.SWAHLM3_16.WM","rmall.SWAHLM_mean.SWAHLM3_16.BWM","rmall.SWAHLM_mean.SWAHLM3_16.TM","rmall.SWAHLM_mean.SWAHLM3_16.median","rmall.SWAHLM_mean.SWAHLM4_16.MH","rmall.SWAHLM_mean.SWAHLM4_16.WM","rmall.SWAHLM_mean.SWAHLM4_16.BWM","rmall.SWAHLM_mean.SWAHLM4_16.TM","rmall.SWAHLM_mean.SWAHLM4_16.median","qmall.CDF_SWA_mean.pc_meanBM3","qmall.CDF_SWA_mean.pc_meanSQM","qmall.CDF_SWA_mean.pc_meanBM2","qmall.CDF_SWA_mean.pc_meanWM","qmall.CDF_SWA_mean.pc_meanBWM","qmall.CDF_SWA_mean.pc_meanTM","qmall.CDF_SWAHLM_mean.pc_meanSWAHLM2_16.BM3","qmall.CDF_SWAHLM_mean.pc_meanSWAHLM2_16.SQM","qmall.CDF_SWAHLM_mean.pc_meanSWAHLM2_16.BM2","qmall.CDF_SWAHLM_mean.pc_meanSWAHLM2_16.WM","qmall.CDF_SWAHLM_mean.pc_meanSWAHLM2_16.BWM","qmall.CDF_SWAHLM_mean.pc_meanSWAHLM2_16.TM","qmall.CDF_SWAHLM_mean.pc_meanSWAHLM2_16.median","qmall.CDF_SWAHLM_mean.pc_meanSWAHLM3_16.MH","qmall.CDF_SWAHLM_mean.pc_meanSWAHLM3_16.WM","qmall.CDF_SWAHLM_mean.pc_meanSWAHLM3_16.BWM","qmall.CDF_SWAHLM_mean.pc_meanSWAHLM3_16.TM","qmall.CDF_SWAHLM_mean.pc_meanSWAHLM3_16.median","qmall.CDF_SWAHLM_mean.pc_meanSWAHLM4_16.MH","qmall.CDF_SWAHLM_mean.pc_meanSWAHLM4_16.WM","qmall.CDF_SWAHLM_mean.pc_meanSWAHLM4_16.BWM","qmall.CDF_SWAHLM_mean.pc_meanSWAHLM4_16.TM","qmall.CDF_SWAHLM_mean.pc_meanSWAHLM4_16.median","rvarall.SWAvar.BM3","rvarall.SWAvar.SQM","rvarall.SWAvar.BM2","rvarall.SWAvar.WM","rvarall.SWAvar.BWM","rvarall.SWAvar.TM","rvarall.SWAHLM_var.SWAHLM2_31256.MH","rvarall.SWAHLM_var.SWAHLM2_31256.WM","rvarall.SWAHLM_var.SWAHLM2_31256.BWM","rvarall.SWAHLM_var.SWAHLM2_31256.TM","rvarall.SWAHLM_var.SWAHLM2_31256.median","rvarall.SWAHLM_var.SWAHLM3_31256.WM","rvarall.SWAHLM_var.SWAHLM3_31256.TM","rvarall.SWAHLM_var.SWAHLM3_31256.median","rvarall.SWAHLM_var.SWAHLM4_31256.WM","rvarall.SWAHLM_var.SWAHLM4_31256.TM","rvarall.SWAHLM_var.SWAHLM4_31256.median","qvarall.CDF_SWA_var.pc_varBM3","qvarall.CDF_SWA_var.pc_varSQM","qvarall.CDF_SWA_var.pc_varBM2","qvarall.CDF_SWA_var.pc_varWM","qvarall.CDF_SWA_var.pc_varBWM","qvarall.CDF_SWA_var.pc_varTM","qvarall.CDF_SWAHLM_var.pc_varSWAHLM2_31256.MH","qvarall.CDF_SWAHLM_var.pc_varSWAHLM2_31256.WM","qvarall.CDF_SWAHLM_var.pc_varSWAHLM2_31256.BWM","qvarall.CDF_SWAHLM_var.pc_varSWAHLM2_31256.TM","qvarall.CDF_SWAHLM_var.pc_varSWAHLM2_31256.median","qvarall.CDF_SWAHLM_var.pc_varSWAHLM3_31256.WM","qvarall.CDF_SWAHLM_var.pc_varSWAHLM3_31256.TM","qvarall.CDF_SWAHLM_var.pc_varSWAHLM3_31256.median","qvarall.CDF_SWAHLM_var.pc_varSWAHLM4_31256.WM","qvarall.CDF_SWAHLM_var.pc_varSWAHLM4_31256.TM","qvarall.CDF_SWAHLM_var.pc_varSWAHLM4_31256.median","rtmall.SWAtm.MH","rtmall.SWAtm.WM","rtmall.SWAtm.BWM","rtmall.SWAtm.TM","rtmall.SWAHLM_tm.SWAHLM2_741.WM","rtmall.SWAHLM_tm.SWAHLM2_741.TM","rtmall.SWAHLM_tm.SWAHLM2_741.median","rtmall.SWAHLM_tm.SWAHLM3_741.WM","rtmall.SWAHLM_tm.SWAHLM3_741.TM","rtmall.SWAHLM_tm.SWAHLM3_741.median","qtmall.CDF_SWA_tm.pc_tmMH","qtmall.CDF_SWA_tm.pc_tmWM","qtmall.CDF_SWA_tm.pc_tmBWM","qtmall.CDF_SWA_tm.pc_tmTM","qtmall.CDF_SWAHLM_tm.pc_tmSWAHLM2_741.WM","qtmall.CDF_SWAHLM_tm.pc_tmSWAHLM2_741.TM","qtmall.CDF_SWAHLM_tm.pc_tmSWAHLM2_741.median","qtmall.CDF_SWAHLM_tm.pc_tmSWAHLM3_741.WM","qtmall.CDF_SWAHLM_tm.pc_tmSWAHLM3_741.TM","qtmall.CDF_SWAHLM_tm.pc_tmSWAHLM3_741.median","rfmall.SWAfm.MH","rfmall.SWAfm.WM","rfmall.SWAfm.BWM","rfmall.SWAfm.TM","rfmall.SWAHLM_fm.SWAHLM2_312.WM","rfmall.SWAHLM_fm.SWAHLM2_312.TM","rfmall.SWAHLM_fm.SWAHLM2_312.median","qfmall.CDF_SWA_fm.pc_fmMH","qfmall.CDF_SWA_fm.pc_fmWM","qfmall.CDF_SWA_fm.pc_fmBWM","qfmall.CDF_SWA_fm.pc_fmTM","qfmall.CDF_SWAHLM_fm.pc_fmSWAHLM2_312.WM","qfmall.CDF_SWAHLM_fm.pc_fmSWAHLM2_312.TM","qfmall.CDF_SWAHLM_fm.pc_fmSWAHLM2_312.median"
3686400,1,2.80000000000008,0.293682637210036,9,18,14,7,21,43,6,1,8,10,17,20,44,5,4,13,16,24,3,2,11,12,15,37,38,35,36,42,45,27,26,31,32,39,40,46,22,25,30,34,41,19,29,28,23,33,20,14,26,18,27,28,11,22,30,32,34,25,29,33,19,23,24,9,4,6,5,3,2,1,7,17,16,31,12,15,21,8,10,13,11,12,13,10,6,5,15,1,3,2,20,17,18,16,14,8,19,4,7,9,8,9,10,12,11,13,14,4,3,2,1,5,6,7
3686400,1,2.89999999999998,0.399876548049676,20,39,32,22,40,43,28,33,30,31,36,42,45,21,23,34,35,41,25,24,27,29,38,15,37,9,1,5,44,11,16,26,13,4,7,46,18,17,10,2,3,19,12,14,8,6,19,14,26,18,27,28,10,21,30,31,34,25,29,32,20,22,24,8,3,7,4,5,2,1,6,16,17,33,13,15,23,9,12,11,8,7,9,6,10,5,1,4,3,2,13,12,20,16,18,11,14,19,17,15,8,9,10,11,12,13,14,4,2,3,1,5,6,7
3686400,1,2.99999999999998,0.48012949922788,2,30,18,3,34,43,12,8,13,15,25,38,45,6,4,16,19,40,11,7,9,10,21,1,28,36,37,39,44,23,32,20,31,27,41,46,5,17,35,26,42,14,22,33,29,24,19,12,21,18,25,28,14,22,31,32,34,26,29,30,20,24,27,7,2,8,5,4,1,3,6,15,23,33,10,16,17,9,13,11,19,16,14,13,11,7,2,4,5,9,18,20,8,17,15,6,12,10,3,1,8,9,11,10,12,13,14,4,2,3,1,5,7,6
3686400,1,3.19999999999996,0.606466870301773,1,25,19,4,27,43,14,10,13,11,23,32,45,6,5,12,18,38,2,3,8,9,22,20,34,40,36,39,44,21,16,26,28,7,41,46,24,33,31,29,42,17,15,35,37,30,18,15,22,17,26,28,12,23,31,33,34,25,29,32,20,24,27,10,5,7,3,6,1,2,4,16,19,30,8,11,21,14,9,13,16,11,7,5,9,2,1,4,3,6,20,10,8,13,18,17,12,15,14,19,8,9,10,11,12,13,14,4,3,2,1,5,6,7
3686400,1,3.39999999999997,0.708681957162054,7,27,22,12,28,43,19,13,18,16,23,29,44,8,10,17,20,33,9,11,14,15,21,38,40,5,1,39,45,37,35,26,6,31,41,46,32,30,2,25,42,34,36,4,3,24,20,18,21,19,24,26,17,23,31,32,34,25,30,33,22,28,27,10,5,7,4,1,2,3,6,11,14,29,9,12,15,13,8,16,13,12,9,8,6,5,1,2,4,3,17,18,15,20,16,14,10,11,19,7,1,2,3,5,4,6,7,11,11,11,11,11,11,11
3686400,1,3.59999999999997,0.79681769802529,1,26,24,7,27,43,17,5,15,12,20,30,45,11,8,14,16,36,2,3,6,9,22,4,29,38,34,32,44,25,23,37,33,40,18,46,21,28,39,41,19,13,10,35,31,42,20,18,21,19,22,23,14,26,31,32,34,29,30,33,24,27,28,16,1,6,4,2,3,7,15,25,9,5,11,17,10,12,13,8,12,11,9,8,10,5,1,3,6,2,14,13,16,17,20,19,4,18,15,7,1,2,3,4,5,6,7,11,11,11,11,11,11,11
3686400,1,3.8,0.875416510651157,2,17,18,8,19,40,14,9,13,11,16,20,45,5,4,10,12,21,1,3,6,7,15,32,36,39,24,38,44,34,33,41,37,27,43,46,25,35,26,23,42,28,31,30,29,22,23,11,21,15,20,18,13,24,31,32,34,22,30,33,17,25,28,10,9,12,5,2,1,4,3,26,14,29,6,27,16,7,19,8,10,9,5,3,8,2,1,7,4,6,16,14,15,11,19,20,12,18,13,17,1,2,4,5,3,6,7,11,11,11,11,11,11,11
3686400,1,4.00000000000001,0.946995820935936,2,17,18,8,19,28,14,9,13,11,15,20,45,4,5,10,12,21,1,3,6,7,16,22,26,38,34,39,42,30,25,36,37,43,35,46,27,24,32,40,44,29,23,31,33,41,25,16,18,15,14,9,12,20,31,33,28,13,26,29,11,19,21,30,5,7,22,6,2,8,17,34,23,1,3,4,24,27,10,32,10,9,7,5,8,2,1,6,4,3,19,20,16,12,13,17,11,18,14,15,1,2,4,3,5,6,7,11,11,11,11,11,11,11
3686400,1,4.20000000000003,1.01312480394597,3,17,18,9,19,26,14,6,13,11,15,20,42,4,5,10,12,21,1,2,7,8,16,22,27,33,34,41,45,28,25,37,35,40,44,46,23,30,32,38,43,24,29,31,36,39,27,18,24,19,22,21,17,26,31,32,34,25,29,33,20,28,30,23,4,15,1,11,10,8,5,14,3,7,9,16,13,2,6,12,10,9,5,4,8,2,1,3,7,6,12,18,14,16,11,19,13,20,17,15,1,2,4,5,3,6,7,11,11,11,11,11,11,11
3686400,1,4.39999999999999,1.07486051467478,4,17,18,10,19,28,15,8,14,11,16,20,42,3,5,9,12,21,1,2,6,7,13,22,23,32,33,41,45,29,27,31,34,40,43,46,25,30,37,39,44,26,24,35,36,38,31,26,24,18,12,7,15,25,30,29,21,11,28,33,20,23,19,27,13,10,9,34,3,2,6,8,14,4,5,17,16,32,22,1,10,9,6,3,8,2,1,5,4,7,17,18,13,16,12,20,19,15,11,14,1,2,5,4,3,6,7,11,11,11,11,11,11,11
3686400,1,4.6,1.13295557377867,3,16,18,10,19,28,14,8,13,11,15,20,42,4,5,9,12,22,1,2,6,7,17,24,25,36,32,43,45,27,26,35,34,40,41,46,23,29,37,38,44,21,30,31,33,39,30,31,18,23,11,3,22,19,24,21,7,15,20,29,8,17,26,25,32,27,4,14,33,12,5,28,9,6,13,10,34,1,2,16,10,9,4,3,8,2,1,7,6,5,11,15,19,18,16,20,12,13,14,17,1,2,5,4,3,6,7,11,11,11,11,11,11,11
3686400,1,4.79999999999998,1.1879686123322,5,16,18,10,19,31,14,8,13,11,15,20,42,3,4,9,12,25,1,2,6,7,17,23,22,33,34,41,45,29,27,30,32,40,43,46,24,28,37,38,44,21,26,36,35,39,30,34,25,24,22,20,18,23,33,32,31,15,27,28,16,21,26,29,17,13,2,10,8,4,1,12,5,11,9,3,19,6,7,14,10,9,5,3,8,2,1,4,7,6,14,17,12,16,19,15,11,13,20,18,1,2,5,6,3,4,7,11,11,11,11,11,11,11
3686400,1,5,1.24032794840138,5,16,20,10,21,31,14,8,13,11,17,22,43,3,4,9,12,23,1,2,6,7,19,26,27,36,33,41,45,25,24,32,30,40,42,46,18,28,37,38,44,15,29,35,34,39,30,22,17,16,11,3,6,13,28,25,21,5,23,24,2,12,18,20,26,29,31,33,19,7,8,32,1,34,9,10,27,4,15,14,10,9,4,3,8,2,1,7,5,6,11,14,17,20,19,18,12,16,15,13,1,2,5,6,3,4,7,11,11,11,11,11,11,11
3686400,1,5.2,1.29037064724064,5,17,18,11,20,22,15,7,13,10,16,19,41,3,4,9,12,21,1,2,6,8,14,29,24,37,33,42,45,30,25,31,32,40,43,46,27,28,34,38,44,26,23,36,35,39,31,25,18,14,8,4,12,13,19,17,11,5,15,21,6,10,27,34,26,30,23,29,28,9,3,33,32,16,2,7,24,1,20,22,10,9,4,3,7,2,1,8,6,5,16,15,14,12,20,11,13,18,19,17,1,2,5,6,3,4,7,11,11,11,11,11,11,11
3686400,1,5.39999999999996,1.33836768922713,5,15,19,10,20,22,14,9,13,11,16,18,42,1,3,8,12,21,2,4,6,7,17,32,27,34,31,41,45,29,24,36,25,38,43,46,23,28,37,40,44,26,30,33,35,39,32,33,24,27,15,9,14,17,23,22,7,8,20,19,6,13,25,34,21,30,28,26,12,4,11,16,2,5,18,31,10,1,3,29,10,9,4,3,8,2,1,7,6,5,15,20,17,13,19,18,11,16,12,14,1,2,6,5,3,4,7,11,11,11,11,11,11,11
3686400,1,5.60000000000003,1.38454084889859,5,15,19,11,20,22,13,8,14,10,17,18,42,2,4,9,12,21,1,3,6,7,16,29,35,37,28,41,45,27,26,34,33,39,43,46,23,32,31,38,44,24,25,30,36,40,25,24,19,20,10,5,17,14,13,9,1,4,12,8,3,11,21,34,29,31,26,28,33,18,16,30,32,15,6,27,23,2,7,22,10,9,4,2,8,3,1,6,7,5,18,20,11,12,15,19,13,16,17,14,1,2,6,5,3,4,7,11,11,11,11,11,11,11
3686400,1,5.80000000000001,1.42907439781766,5,15,19,11,20,22,13,8,14,10,16,18,41,2,4,9,12,21,1,3,6,7,17,27,28,40,37,42,45,26,25,32,30,38,43,46,24,29,33,36,44,23,31,35,34,39,24,22,20,16,10,5,11,13,18,17,9,2,15,26,4,12,23,33,6,29,3,34,32,8,7,19,28,27,1,21,30,14,25,31,10,8,5,3,7,2,1,9,6,4,12,17,19,15,20,18,13,16,14,11,1,2,5,7,3,4,6,11,11,11,11,11,11,11
3686400,1,6.00000000000001,1.47212344975772,6,15,19,9,20,25,13,10,14,11,16,18,42,3,4,8,12,22,1,2,5,7,17,26,28,36,34,41,45,27,24,31,32,38,43,46,23,30,37,39,44,21,29,33,35,40,25,24,18,19,11,5,13,12,10,7,1,4,8,6,2,9,14,34,31,29,30,33,32,22,15,26,20,16,17,21,28,3,27,23,10,9,4,3,8,2,1,6,7,5,14,12,11,18,20,19,13,17,15,16,2,3,6,5,1,4,7,11,11,11,11,11,11,11
3686400,1,6.19999999999997,1.51382005642444,6,15,20,11,19,27,13,9,14,10,16,18,41,2,4,8,12,21,1,3,5,7,17,25,28,34,33,42,45,26,23,31,32,38,43,46,22,30,37,39,44,24,29,35,36,40,28,27,19,18,11,5,17,13,14,10,2,4,12,15,6,9,16,33,32,31,21,34,29,8,30,22,23,24,1,7,26,3,20,25,10,9,4,3,8,2,1,7,5,6,15,18,16,14,20,17,11,12,19,13,1,2,5,6,3,4,7,11,11,11,11,11,11,11
3686400,1,6.39999999999998,1.55427775379429,7,15,20,11,19,29,13,9,14,10,16,18,41,3,4,8,12,23,1,2,5,6,17,26,27,33,34,43,45,25,24,31,32,38,42,46,21,30,37,39,44,22,28,35,36,40,27,25,22,20,15,6,8,9,17,14,1,4,12,19,5,11,7,33,26,31,28,29,34,13,2,24,30,23,16,10,32,3,21,18,10,9,4,3,8,2,1,7,6,5,16,12,17,20,18,19,11,15,13,14,2,3,6,7,1,4,5,11,11,11,11,11,11,11
3686400,1,6.59999999999997,1.59359501524584,7,16,20,11,19,28,13,10,15,9,17,18,41,3,4,8,12,27,1,2,5,6,14,26,22,34,31,42,45,24,25,32,33,38,43,46,23,29,37,40,44,21,30,35,36,39,26,21,19,15,11,4,5,6,14,10,1,2,9,20,3,7,16,34,27,32,29,30,33,18,12,28,24,17,8,22,31,25,13,23,10,9,4,3,8,2,1,6,5,7,13,16,12,20,15,17,11,14,18,19,2,3,5,6,1,4,7,11,11,11,11,11,11,11
3686400,1,6.79999999999998,1.63185791687235,7,15,22,11,21,30,13,8,14,10,16,19,42,2,4,9,12,27,1,3,5,6,17,25,23,36,31,41,45,24,26,32,33,39,43,46,18,29,37,38,44,20,28,35,34,40,21,18,17,15,14,4,9,6,12,8,1,3,11,7,2,10,5,34,25,32,23,33,31,13,29,24,26,27,19,28,30,16,22,20,10,9,4,3,8,2,1,5,6,7,15,19,14,18,20,13,11,12,17,16,1,2,6,5,3,4,7,11,11,11,11,11,11,11
3686400,1,7.00000000000001,1.66914222433368,7,15,20,11,19,31,13,10,14,9,16,18,42,2,4,8,12,28,1,3,5,6,17,26,23,34,32,41,45,25,24,33,29,39,43,46,22,30,37,38,44,21,27,36,35,40,24,17,19,16,15,4,9,5,12,7,1,3,8,10,2,6,13,33,26,29,30,32,34,22,14,31,27,25,11,23,28,18,20,21,10,9,4,3,8,2,1,6,7,5,17,15,13,16,20,14,11,19,18,12,2,3,6,5,1,4,7,11,11,11,11,11,11,11
3686400,1,7.20000000000001,1.70551504783168,9,15,20,11,19,26,13,7,14,10,16,18,42,3,4,8,12,22,1,2,5,6,17,34,24,35,33,41,45,31,32,28,29,39,43,46,23,27,37,38,44,21,25,30,36,40,25,21,20,18,14,5,13,10,12,7,1,2,9,15,3,11,17,34,26,33,22,32,31,8,23,24,27,28,6,16,30,4,19,29,10,9,4,2,8,3,1,5,6,7,15,19,11,20,17,18,13,14,16,12,2,3,5,6,1,4,7,11,11,11,11,11,11,11
3686400,1,7.39999999999996,1.7410361697907,9,15,20,11,19,27,13,7,14,10,16,18,42,3,4,8,12,23,1,2,5,6,17,30,21,35,31,41,45,29,26,32,33,38,43,46,25,28,37,39,44,22,24,34,36,40,19,16,15,14,10,4,11,9,7,5,1,2,6,13,3,8,12,32,22,31,28,33,34,21,23,26,25,18,20,29,30,17,24,27,10,8,4,2,9,3,1,6,7,5,11,18,16,12,20,15,19,14,13,17,2,3,7,6,1,4,5,11,11,11,11,11,11,11
3686400,1,7.60000000000003,1.77575912113176,9,15,20,11,19,22,13,8,14,10,16,18,42,3,4,7,12,21,1,2,5,6,17,36,26,34,29,41,45,32,31,30,28,38,43,46,24,27,37,39,44,23,25,33,35,40,25,20,21,16,14,5,10,7,11,6,1,3,8,13,4,9,18,33,24,29,27,32,34,12,19,28,30,23,2,17,31,15,22,26,10,9,4,3,8,2,1,6,7,5,13,16,15,20,19,18,11,17,14,12,1,2,5,6,3,4,7,11,11,11,11,11,11,11
3686400,1,7.80000000000003,1.8097320620562,8,14,20,11,19,23,13,9,15,10,16,18,42,3,4,7,12,21,1,2,5,6,17,35,27,37,32,41,45,29,25,34,30,39,43,46,24,28,36,38,44,22,26,33,31,40,26,16,20,11,12,6,4,5,10,7,1,2,8,17,3,9,13,30,22,31,18,34,33,14,27,25,29,23,15,28,32,19,21,24,10,9,4,3,8,2,1,5,6,7,15,17,20,19,16,18,11,12,13,14,2,3,6,5,1,4,7,11,11,11,11,11,11,11
3686400,1,8.00000000000007,1.84299850911548,8,14,20,11,19,26,13,9,15,10,16,18,42,3,4,7,12,23,1,2,5,6,17,34,24,40,35,41,45,27,25,32,33,37,43,46,22,28,36,38,44,21,29,30,31,39,26,18,19,14,12,4,13,11,8,6,1,2,7,15,3,10,16,33,23,30,24,31,34,21,22,27,25,20,5,29,32,9,17,28,10,9,4,2,8,3,1,7,6,5,13,12,20,17,14,15,11,19,18,16,1,2,5,6,3,4,7,11,11,11,11,11,11,11
3686400,1,8.20000000000006,1.87559794017716,8,14,20,11,19,26,13,9,15,10,16,18,43,3,4,7,12,23,1,2,5,6,17,29,25,39,33,41,45,27,21,35,30,37,42,46,24,31,32,38,44,22,28,36,34,40,26,20,23,13,14,6,7,8,11,9,1,2,10,15,4,12,22,31,17,32,16,33,34,5,19,29,27,25,3,24,30,18,21,28,10,9,4,3,8,2,1,6,5,7,12,13,19,20,18,14,11,17,16,15,2,3,6,7,1,4,5,11,11,11,11,11,11,11
3686400,1,8.39999999999999,1.90756630148484,9,14,20,11,19,25,13,8,15,10,16,18,43,3,4,7,12,24,1,2,5,6,17,34,27,40,36,41,45,28,26,31,33,37,42,46,22,29,30,38,44,21,23,35,32,39,24,17,18,15,14,6,13,9,8,5,1,2,7,12,3,10,11,33,27,29,23,32,34,19,20,30,28,22,16,21,31,4,25,26,10,9,4,3,8,2,1,7,5,6,13,15,16,14,20,19,11,12,17,18,2,3,6,5,1,4,7,11,11,11,11,11,11,11
3686400,1,8.60000000000003,1.93893643553387,8,14,20,9,19,25,12,11,15,10,16,18,43,3,4,7,13,28,1,2,5,6,17,31,26,39,34,41,45,29,24,30,33,36,42,46,22,27,38,37,44,21,23,35,32,40,27,18,22,16,17,6,7,8,13,9,1,2,10,19,3,11,14,32,23,30,20,33,34,4,25,26,29,24,5,28,31,12,15,21,10,9,4,2,7,3,1,5,6,8,12,20,15,18,19,16,11,13,17,14,1,3,6,7,2,4,5,11,11,11,11,11,11,11
3686400,1,8.80000000000001,1.96973844439194,8,14,22,11,21,28,12,9,15,10,16,20,43,3,4,7,13,30,1,2,5,6,19,33,29,34,32,41,45,26,24,27,31,40,42,46,18,23,36,39,44,17,25,35,37,38,26,16,21,15,17,6,4,5,12,7,1,2,8,20,3,9,18,32,19,29,23,33,31,11,14,30,27,28,13,24,34,10,22,25,10,9,4,2,8,3,1,6,5,7,15.5,15.5,15.5,15.5,15.5,15.5,15.5,15.5,15.5,15.5,1,3,5,6,2,4,7,11,11,11,11,11,11,11
3686400,1,9,2,10,16,24,11,23,32,13,15,17,12,18,20,43,5,6,8,14,33,3,4,7,9,19,28,22,35,30,41,45,25,21,31,29,39,42,46,2,27,36,38,44,1,26,34,37,40,25,16,20,14,15,4,9,6,8,5,1,2,7,13,3,10,12,32,24,30,21,31,34,19,23,27,26,33,11,28,29,18,17,22,10,9,4,2,7,3,1,5,6,8,15.5,15.5,15.5,15.5,15.5,15.5,15.5,15.5,15.5,15.5,2,3,6,5,1,4,7,11,11,11,11,11,11,11
3686400,1,9.19999999999997,2.02974661062705,8,17,24,11,23,29,12,10,18,9,19,20,43,2,4,6,13,30,1,3,5,7,22,26,25,37,33,41,45,21,14,34,31,38,42,46,16,28,36,39,44,15,27,32,35,40,26,17,20,12,13,5,8,6,9,4,1,2,7,14,3,10,11,32,23,30,27,33,34,19,21,28,29,25,15,18,31,16,22,24,10,9,4,2,8,3,1,7,6,5,15.5,15.5,15.5,15.5,15.5,15.5,15.5,15.5,15.5,15.5,2,3,7,6,1,4,5,11,11,11,11,11,11,11
3686400,1,9.39999999999998,2.05900185083196,10,16,22,11,21,28,13,15,17,12,18,20,43,5,6,8,14,30,2,4,7,9,19,26,24,36,35,41,45,25,23,34,33,38,42,46,3,29,37,39,44,1,27,31,32,40,25,13,18,11,12,3,7,6,9,5,1,2,8,16,4,10,15,32,23,33,29,31,34,20,24,30,27,26,14,17,28,19,22,21,10,9,3,2,8,4,1,6,5,7,15.5,15.5,15.5,15.5,15.5,15.5,15.5,15.5,15.5,15.5,2,3,6,7,1,4,5,11,11,11,11,11,11,11
3686400,1,9.59999999999997,2.08778756086947,13,20,26,14,25,29,17,19,21,16,22,23,43,5,6,9,18,31,3,4,8,10,24,15,11,36,35,41,45,12,7,30,34,38,42,46,2,28,37,39,44,1,27,32,33,40,25,15,20,11,12,5,9,7,8,4,1,2,6,13,3,10,14,32,21,28,24,33,34,17,19,27,30,29,16,23,31,18,22,26,10,9,4,2,8,3,1,7,6,5,15.5,15.5,15.5,15.5,15.5,15.5,15.5,15.5,15.5,15.5,1,3,7,6,2,4,5,11,11,11,11,11,11,11
3686400,1,9.8,2.11612402036781,10,16,27,11,26,29,13,15,18,12,19,25,43,5,6,8,14,31,1,4,7,9,22,21,24,37,32,41,45,17,20,33,30,38,42,46,3,28,34,39,44,2,23,36,35,40,23,17,18,12,13,4,8,6,9,5,1,2,7,15,3,10,14,33,24,30,28,31,34,21,22,26,25,19,11,20,32,16,27,29,10,9,4,2,8,3,1,5,6,7,15.5,15.5,15.5,15.5,15.5,15.5,15.5,15.5,15.5,15.5,2,3,5,6,1,4,7,11,11,11,11,11,11,11
3686400,1,9.99999999999999,2.14403010022796,8,13,25,9,23,29,10,14,15,11,16,20,43,3,4,6,12,31,1,2,5,7,18,26,24,34,33,42,45,22,21,30,32,38,41,46,17,28,35,39,44,19,27,36,37,40,19,15,16,12,13,5,11,8,7,4,1,2,6,9,3,10,14,33,23,31,20,32,34,21,25,28,30,27,17,22,29,18,26,24,10,9,4,2,8,3,1,7,5,6,15.5,15.5,15.5,15.5,15.5,15.5,15.5,15.5,15.5,15.5,2,3,7,6,1,4,5,11,11,11,11,11,11,11
3686400,1,10.2,2.17152339599684,8,14,23,10,22,29,12,11,15,9,16,18,43,4,3,6,13,33,1,2,5,7,20,27,28,32,34,42,45,25,24,30,31,38,41,46,19,26,36,39,44,17,21,35,37,40,21,14,16,12,13,5,10,8,7,4,1,2,6,11,3,9,15,33,25,31,27,32,34,22,24,29,28,19,17,20,30,18,23,26,10,9,4,3,8,2,1,5,6,7,15.5,15.5,15.5,15.5,15.5,15.5,15.5,15.5,15.5,15.5,2,3,6,7,1,4,5,11,11,11,11,11,11,11
3686400,1,10.4,2.19862034540709,9,13,21,8,20,28,10,14,15,12,16,18,43,4,3,6,11,32,1,2,5,7,19,26,30,35,31,40,45,23,25,33,29,37,42,46,24,27,38,39,44,22,17,36,34,41,20,15,17,12,13,4,10,8,7,5,1,2,6,11,3,9,14,33,23,32,27,31,34,21,19,30,28,24,18,26,29,16,22,25,10,9,4,3,8,2,1,6,7,5,15.5,15.5,15.5,15.5,15.5,15.5,15.5,15.5,15.5,15.5,2,3,6,5,1,4,7,11,11,11,11,11,11,11
3686400,1,10.6,2.22533633232504,10,13,20,8,19,26,11,14,15,9,16,17,43,4,3,6,12,32,1,2,5,7,18,25,31,30,33,40,45,27,28,23,34,38,42,46,29,21,37,39,44,24,22,35,36,41,17,15,16,13,12,5,9,8,7,4,1,2,6,11,3,10,14,33,20,32,22,31,34,23,26,30,29,19,18,28,27,21,24,25,10,9,4,2,8,3,1,6,7,5,15.5,15.5,15.5,15.5,15.5,15.5,15.5,15.5,15.5,15.5,2,3,7,6,1,4,5,11,11,11,11,11,11,11
3686400,1,10.8,2.25168577898244,9,14,21,8,19,28,10,13,15,11,16,17,43,3,4,5,12,33,1,2,6,7,18,30,34,29,26,41,45,32,31,24,27,39,42,46,25,22,37,38,44,23,20,35,36,40,19,14,16,11,13,5,10,8,7,4,1,2,6,15,3,9,12,34,22,33,26,31,32,18,24,25,28,17,20,27,30,21,23,29,10,6,4,3,9,2,1,7,5,8,15.5,15.5,15.5,15.5,15.5,15.5,15.5,15.5,15.5,15.5,1,3,7,6,2,4,5,11,11,11,11,11,11,11
3686400,1,11,2.27768222806872,9,13,20,8,19,26,11,15,14,10,16,17,43,4,3,5,12,30,1,2,6,7,18,35,33,29,22,41,45,32,34,25,23,38,42,46,28,21,37,40,44,27,24,31,36,39,19,15,16,14,13,3,11,9,7,4,1,2,6,8,5,10,12,33,25,31,27,32,34,21,18,28,26,22,17,23,30,20,24,29,10,9,4,2,8,3,1,5,6,7,15.5,15.5,15.5,15.5,15.5,15.5,15.5,15.5,15.5,15.5,3,4,6,5,1,2,7,11,11,11,11,11,11,11
3686400,1,11.1999999999999,2.30333841601573,11,14,20,9,19,26,12,10,15,8,16,17,43,3,4,5,13,31,1,2,6,7,18,33,34,28,23,40,45,32,29,25,24,38,42,46,30,22,37,39,44,27,21,36,35,41,20,13,17,9,12,4,5,6,10,7,1,2,8,15,3,11,14,33,24,31,25,30,34,23,22,28,29,18,16,21,32,19,26,27,10,9,4,2,5,3,1,6,7,8,15.5,15.5,15.5,15.5,15.5,15.5,15.5,15.5,15.5,15.5,1,3,6,7,2,4,5,11,11,11,11,11,11,11
3686400,1,11.4,2.32866633860425,11,14,20,8,19,21,10,12,15,9,16,17,43,4,3,5,13,26,1,2,6,7,18,34,36,31,22,40,45,29,32,28,24,38,42,46,35,25,37,39,44,30,23,27,33,41,17,13,16,12,14,5,9,6,8,4,1,2,7,15,3,11,10,33,19,32,28,31,34,23,25,29,24,20,18,27,30,22,21,26,10,9,4,3,8,2,1,5,7,6,15.5,15.5,15.5,15.5,15.5,15.5,15.5,15.5,15.5,15.5,2,3,7,6,1,4,5,11,11,11,11,11,11,11
3686400,1,11.6,2.35367730985473,12,14,20,8,19,21,10,13,15,9,16,17,42,4,3,5,11,25,1,2,6,7,18,37,36,31,27,40,45,34,35,29,28,39,43,46,33,22,30,38,44,32,26,23,24,41,18,15,16,11,12,5,9,7,8,4,1,2,6,13,3,10,14,33,26,32,28,31,34,22,21,29,27,17,19,25,30,20,23,24,10,8,4,2,9,3,1,5,6,7,15.5,15.5,15.5,15.5,15.5,15.5,15.5,15.5,15.5,15.5,2,3,6,5,1,4,7,11,11,11,11,11,11,11
3686400,1,11.8,2.37838201502463,11,13,20,8,19,21,9,14,15,10,16,17,42,4,3,5,12,22,1,2,6,7,18,37,36,33,27,41,45,34,35,30,24,38,43,46,31,25,32,39,44,28,29,23,26,40,18,15,16,13,12,5,9,7,8,4,1,2,6,11,3,10,14,33,27,30,24,31,34,22,25,29,28,17,19,21,32,20,23,26,10,9,4,2,5,3,1,7,6,8,15.5,15.5,15.5,15.5,15.5,15.5,15.5,15.5,15.5,15.5,1,3,7,6,2,4,5,11,11,11,11,11,11,11
3686400,1,12,2.40279055841865,11,14,20,8,19,21,10,13,15,9,16,17,42,4,3,5,12,26,1,2,6,7,18,36,31,33,27,40,44,37,34,32,29,39,43,46,23,30,35,38,45,22,28,24,25,41,17,15,16,10,13,5,11,8,7,3,1,2,6,12,4,9,14,34,25,32,28,31,33,24,21,27,22,19,18,23,30,20,26,29,10,9,4,3,8,2,1,6,7,5,15.5,15.5,15.5,15.5,15.5,15.5,15.5,15.5,15.5,15.5,2,3,6,5,1,4,7,11,11,11,11,11,11,11
3686400,1,12.2,2.4269125066197,12,13,20,8,19,21,9,14,15,10,16,17,43,4,3,5,11,26,1,2,6,7,18,33,27,38,35,40,45,36,31,34,32,37,42,46,23,28,29,39,44,22,30,24,25,41,17,12,16,10,14,5,9,8,7,4,1,2,6,15,3,11,13,34,25,31,24,30,32,22,20,29,27,18,19,26,33,21,23,28,10,7,4,2,6,3,1,5,8,9,15.5,15.5,15.5,15.5,15.5,15.5,15.5,15.5,15.5,15.5,2,3,6,5,1,4,7,11,11,11,11,11,11,11
3686400,1,12.4,2.45075692766633,11,13,20,8,19,21,9,14,15,10,16,17,42,4,3,5,12,24,1,2,6,7,18,32,28,40,34,39,44,25,26,37,36,38,43,46,23,31,27,35,45,22,33,30,29,41,17,15,16,13,12,5,11,8,7,3,1,2,6,14,4,9,10,33,23,30,26,31,34,20,22,27,24,19,18,25,32,21,29,28,10,8,5,4,7,2,1,3,6,9,15.5,15.5,15.5,15.5,15.5,15.5,15.5,15.5,15.5,15.5,2,3,7,6,1,4,5,11,11,11,11,11,11,11
3686400,1,12.6,2.47433242663209,12,14,20,8,19,21,10,13,15,9,16,17,43,4,3,5,11,23,1,2,6,7,18,31,26,39,34,40,44,27,29,35,33,38,42,46,24,32,25,37,45,22,36,28,30,41,17,15,16,12,11,6,13,10,8,4,1,2,7,3,5,9,14,34,29,32,25,31,33,22,24,30,23,18,19,27,28,20,21,26,10,9,4,3,5,2,1,6,7,8,15.5,15.5,15.5,15.5,15.5,15.5,15.5,15.5,15.5,15.5,1,2,7,6,3,4,5,11,11,11,11,11,11,11
3686400,1,12.8,2.49764717800315,12,13,20,8,19,21,9,14,15,10,16,17,43,3,4,5,11,24,1,2,6,7,18,31,27,41,32,38,44,29,28,37,34,35,42,46,23,33,25,39,45,22,36,30,26,40,17,15,16,11,12,4,10,8,7,3,1,2,6,13,5,9,14,34,24,32,28,30,33,22,23,27,29,18,19,25,31,20,21,26,10,7,4,3,9,2,1,5,6,8,15.5,15.5,15.5,15.5,15.5,15.5,15.5,15.5,15.5,15.5,2,3,7,6,1,4,5,11,11,11,11,11,11,11
3686400,1,13,2.52070895519976,12,13,20,8,19,21,9,14,15,10,16,17,43,4,3,5,11,24,1,2,6,7,18,29,25,41,33,34,44,27,28,39,38,31,42,46,23,35,26,37,45,22,36,32,30,40,17,15,16,13,12,5,10,8,7,3,1,2,6,14,4,9,11,34,23,32,28,33,31,22,24,29,27,18,20,25,30,19,21,26,10,8,4,3,6,2,1,5,7,9,15.5,15.5,15.5,15.5,15.5,15.5,15.5,15.5,15.5,15.5,1,3,7,6,2,4,5,11,11,11,11,11,11,11
3686400,1,13.2,2.54352515754396,12,14,20,8,19,21,11,13,16,10,15,17,42,4,3,5,9,24,1,2,6,7,18,29,27,41,38,32,44,25,26,39,36,28,43,46,23,37,30,31,45,22,35,34,33,40,17,15,16,12,13,4,11,8,7,3,1,2,6,9,5,10,14,34,27,30,21,31,33,20,22,28,24,18,19,26,32,23,25,29,10,7,4,2,5,3,1,6,8,9,15.5,15.5,15.5,15.5,15.5,15.5,15.5,15.5,15.5,15.5,2,3,5,6,1,4,7,11,11,11,11,11,11,11
3686400,1,13.4,2.5661028349387,12,14,20,8,19,21,10,13,15,9,16,17,43,4,3,5,11,24,1,2,6,7,18,29,26,41,40,33,44,27,25,38,39,31,42,46,23,36,32,30,45,22,28,35,34,37,17,15,16,11,14,5,13,9,7,3,1,2,6,8,4,10,12,34,21,32,23,31,33,22,20,30,28,18,19,27,29,24,26,25,10,8,4,3,6,2,1,5,7,9,15.5,15.5,15.5,15.5,15.5,15.5,15.5,15.5,15.5,15.5,2,3,7,6,1,4,5,11,11,11,11,11,11,11
3686400,1,13.6,2.58844871049157,15,9,17,10,19,21,6,3,8,7,14,18,23,1,4,11,16,22,2,5,12,13,20,25,37,31,36,41,45,32,29,34,30,40,44,46,26,27,33,38,43,24,28,35,39,42,17,14,16,12,13,10,9,5,7,4,1,3,6,15,2,8,11,32,34,22,29,21,30,33,31,23,19,18,25,20,27,26,24,28,6,2,9,8,1,7,10,3,5,4,15.5,15.5,15.5,15.5,15.5,15.5,15.5,15.5,15.5,15.5,2,3,6,7,1,4,5,11,11,11,11,11,11,11
3686400,1,13.8,2.61056920128876,12,14,20,8,19,21,11,13,16,9,15,17,42,4,3,5,10,24,1,2,6,7,18,29,26,39,40,35,44,25,27,36,41,32,43,46,23,30,34,31,45,22,28,38,37,33,17,15,16,12,11,4,13,8,6,3,1,2,7,10,5,9,14,34,23,30,28,33,31,21,24,29,25,18,19,27,32,20,22,26,9,5,4,2,7,3,1,6,8,10,15.5,15.5,15.5,15.5,15.5,15.5,15.5,15.5,15.5,15.5,2,3,7,6,1,4,5,11,11,11,11,11,11,11
3686400,1,14,2.632470437501,12,14,20,8,19,21,11,13,16,10,15,17,43,4,3,5,9,24,1,2,6,7,18,31,25,41,35,38,45,29,26,33,39,34,42,46,23,27,32,30,44,22,28,40,37,36,18,15,16,11,12,4,13,9,6,3,1,2,7,8,5,10,14,34,20,33,21,32,31,24,22,26,28,17,19,25,30,23,29,27,10,9,4,3,6,2,1,5,7,8,15.5,15.5,15.5,15.5,15.5,15.5,15.5,15.5,15.5,15.5,2,3,7,6,1,4,5,11,11,11,11,11,11,11
3686400,1,14.2,2.65415827998245,11,13,20,8,18,22,9,14,15,10,16,17,43,4,3,5,12,28,1,2,6,7,19,30,25,39,31,38,45,24,26,34,32,35,42,46,23,29,36,33,44,21,27,41,40,37,17,14,16,11,13,4,10,9,8,5,1,2,7,6,3,12,15,34,26,33,22,32,31,21,20,29,27,18,19,25,30,23,24,28,10,6,4,3,7,2,1,5,8,9,15.5,15.5,15.5,15.5,15.5,15.5,15.5,15.5,15.5,15.5,2,3,6,7,1,4,5,11,11,11,11,11,11,11
3686400,1,14.4,2.6756383365054,13,14,20,8,18,21,10,12,16,9,15,17,43,4,3,5,11,27,1,2,6,7,19,30,26,39,32,38,45,25,23,34,31,35,42,46,24,29,36,33,44,22,28,41,40,37,17,14,16,11,10,3,12,8,5,4,1,2,7,15,6,9,13,34,22,33,26,30,32,20,25,28,23,18,19,24,31,21,27,29,10,6,4,2,5,3,1,7,8,9,15.5,15.5,15.5,15.5,15.5,15.5,15.5,15.5,15.5,15.5,2,3,6,7,1,4,5,11,11,11,11,11,11,11
3686400,1,14.6,2.69691597675802,13,14,20,8,19,21,11,12,16,9,15,17,43,4,3,5,10,27,1,2,6,7,18,30,29,38,33,39,45,26,24,34,32,36,42,46,23,28,35,31,44,22,25,41,40,37,17,15,16,12,11,4,10,8,6,3,1,2,7,13,5,9,14,34,27,31,22,30,33,24,25,28,26,18,19,21,32,20,23,29,10,7,4,3,6,2,1,5,8,9,15.5,15.5,15.5,15.5,15.5,15.5,15.5,15.5,15.5,15.5,2,4,7,6,1,3,5,11,11,11,11,11,11,11
3686400,1,14.8,2.71799634621836,12,13,20,8,18,22,10,15,16,11,14,17,43,4,3,5,9,25,1,2,6,7,19,30,28,37,31,38,45,29,26,33,32,35,42,46,23,27,36,34,44,21,24,40,41,39,17,15,16,10,14,5,12,9,8,3,1,2,7,4,6,11,13,34,23,33,26,31,32,20,19,28,24,18,21,27,29,22,25,30,10,8,4,2,6,3,1,5,9,7,15.5,15.5,15.5,15.5,15.5,15.5,15.5,15.5,15.5,15.5,2,3,6,7,1,4,5,11,11,11,11,11,11,11
3686400,1,15,2.73888437900616,12,13,20,8,18,21,9,14,16,10,15,17,43,4,2,5,11,27,1,3,6,7,19,30,25,37,32,39,45,29,28,31,33,35,42,46,23,26,36,34,44,22,24,40,41,38,17,13,16,9,12,4,14,8,5,3,1,2,6,11,7,10,15,34,20,32,28,30,33,23,27,25,22,18,19,24,31,21,26,29,10,7,4,3,6,2,1,5,8,9,15.5,15.5,15.5,15.5,15.5,15.5,15.5,15.5,15.5,15.5,2,3,7,6,1,4,5,11,11,11,11,11,11,11
3686400,1,15.2,2.75958480980281,13,14,20,8,18,21,10,11,15,9,16,17,43,4,3,5,12,26,1,2,6,7,19,30,29,38,31,40,45,27,24,33,32,37,42,46,23,28,39,34,44,22,25,35,41,36,17,15,16,12,11,4,13,8,5,3,1,2,6,9,7,10,14,34,21,32,25,31,33,20,24,28,27,18,19,23,30,22,26,29,10,8,5,3,4,2,1,6,7,9,15.5,15.5,15.5,15.5,15.5,15.5,15.5,15.5,15.5,15.5,4,3,7,6,1,2,5,11,11,11,11,11,11,11
3686400,1,15.3999999999999,2.78010218492096,13,14,19,8,18,21,10,11,15,9,16,17,43,3,4,5,12,24,1,2,6,7,20,33,29,35,30,41,45,28,26,31,32,36,42,46,23,27,40,37,44,22,25,34,38,39,17,15,16,13,12,4,14,9,6,3,1,2,7,8,5,10,11,34,22,33,29,31,32,21,24,26,28,18,19,25,30,20,23,27,9,3,5,4,7,2,1,6,8,10,15.5,15.5,15.5,15.5,15.5,15.5,15.5,15.5,15.5,15.5,3,4,6,5,1,2,7,11,11,11,11,11,11,11
3686400,1,15.6,2.80044087259686,12,14,19,8,18,21,9,13,15,10,16,17,43,4,3,5,11,25,1,2,6,7,20,31,28,36,30,40,45,29,26,34,32,39,42,46,23,27,41,37,44,22,24,33,35,38,17,15,16,14,11,4,12,9,6,2,1,3,8,7,5,10,13,34,23,33,29,32,31,21,24,30,26,18,19,22,28,20,25,27,8,4,7,5,6,2,1,3,9,10,15.5,15.5,15.5,15.5,15.5,15.5,15.5,15.5,15.5,15.5,1,3,6,5,2,4,7,11,11,11,11,11,11,11
3686400,1,15.8,2.82060507257085,13,14,20,10,19,21,12,11,16,9,15,17,43,4,3,5,8,24,1,2,6,7,18,30,29,37,32,42,45,28,26,34,31,38,39,46,23,27,41,36,44,22,25,35,33,40,17,15,16,12,11,4,14,9,5,2,1,3,6,8,7,10,13,33,24,31,27,34,32,20,28,25,26,18,19,22,30,23,21,29,10,5,4,2,7,3,1,6,8,9,15.5,15.5,15.5,15.5,15.5,15.5,15.5,15.5,15.5,15.5,2,3,7,6,1,4,5,11,11,11,11,11,11,11
3686400,1,16,2.84059882501572,13,14,20,8,18,21,11,12,16,10,15,17,43,4,3,5,9,28,1,2,6,7,19,30,29,36,32,42,45,27,25,33,31,40,38,46,23,26,39,37,44,22,24,34,35,41,17,15,16,12,10,4,13,8,6,3,1,2,7,11,5,9,14,34,27,33,23,30,31,20,24,26,22,18,19,28,32,21,25,29,10,7,4,3,5,2,1,6,8,9,15.5,15.5,15.5,15.5,15.5,15.5,15.5,15.5,15.5,15.5,2,3,7,6,1,4,5,11,11,11,11,11,11,11
3686400,1,16.2,2.86042601886603,12,13,20,8,18,21,10,16,15,11,14,17,42,4,3,5,9,26,1,2,6,7,19,30,28,36,32,43,45,29,25,33,31,41,37,46,23,27,39,38,44,22,24,34,35,40,17,15,16,13,11,4,14,9,5,3,1,2,6,8,7,10,12,34,22,33,27,30,32,24,20,28,29,18,19,25,31,21,26,23,9,7,4,3,6,2,1,5,8,10,15.5,15.5,15.5,15.5,15.5,15.5,15.5,15.5,15.5,15.5,3,4,6,5,1,2,7,11,11,11,11,11,11,11
3686400,1,16.4,2.88009039959704,15,8,17,10,19,21,7,3,9,6,14,18,23,1,4,11,16,22,2,5,12,13,20,27,40,31,38,41,44,30,26,33,32,37,43,46,28,29,35,39,45,25,24,36,34,42,17,14,16,9,12,5,15,10,3,2,1,6,4,13,7,8,11,32,34,23,30,25,29,33,31,21,19,18,26,22,20,24,27,28,5,1,9,8,2,6,10,4,3,7,15.5,15.5,15.5,15.5,15.5,15.5,15.5,15.5,15.5,15.5,7,6,5,4,3,2,1,11,11,11,11,11,11,11
3686400,1,16.6,2.89959557649698,12,14,20,8,18,21,11,13,16,10,15,17,41,4,3,5,9,27,1,2,6,7,19,29,30,37,32,43,45,25,24,34,31,42,38,46,23,26,36,39,44,22,28,33,35,40,17,15,16,14,12,4,13,8,6,2,1,3,7,9,5,10,11,34,25,33,29,30,31,22,23,27,24,18,19,26,32,20,21,28,8,5,4,2,6,3,1,7,9,10,15.5,15.5,15.5,15.5,15.5,15.5,15.5,15.5,15.5,15.5,4,3,7,6,1,2,5,11,11,11,11,11,11,11
3686400,1,16.8,2.91894502947258,13,15,20,8,18,21,11,12,16,10,14,17,41,4,3,5,9,25,1,2,6,7,19,30,29,37,33,43,45,28,24,36,31,42,38,46,23,26,35,40,44,22,27,34,32,39,17,15,16,12,11,4,13,9,6,3,1,2,7,8,5,10,14,34,21,33,24,30,32,22,23,28,25,18,19,26,31,20,27,29,10,5,4,1,6,2,3,7,8,9,15.5,15.5,15.5,15.5,15.5,15.5,15.5,15.5,15.5,15.5,2,4,7,6,1,3,5,11,11,11,11,11,11,11
3686400,1,17,2.93814211542352,12,13,20,8,18,21,9,14,16,11,15,17,39,4,3,5,10,23,1,2,6,7,19,33,30,37,31,43,44,27,26,34,29,40,38,46,25,28,36,41,45,22,24,32,35,42,17,15,16,12,11,3,14,9,7,2,1,4,8,6,5,10,13,34,22,31,29,33,32,21,26,27,25,18,19,23,30,20,24,28,9,4,7,6,3,2,1,5,8,10,15.5,15.5,15.5,15.5,15.5,15.5,15.5,15.5,15.5,15.5,2,4,7,6,1,3,5,11,11,11,11,11,11,11
3686400,1,17.2,2.95719007421951,12,14,20,8,18,21,10,13,16,9,15,17,39,5,3,4,11,24,1,2,6,7,19,32,28,37,34,42,44,29,26,35,30,41,38,46,23,27,36,40,45,22,25,31,33,43,17,14,16,12,11,4,15,9,5,3,1,2,6,8,7,10,13,34,21,33,26,31,32,22,25,28,23,18,19,30,29,20,24,27,8,4,5,3,6,2,1,7,9,10,15.5,15.5,15.5,15.5,15.5,15.5,15.5,15.5,15.5,15.5,2,3,6,7,1,4,5,11,11,11,11,11,11,11
3686400,1,17.4,2.97609203430904,13,14,20,8,18,21,10,12,16,9,15,17,41,4,3,5,11,24,1,2,6,7,19,28,29,37,33,40,44,30,25,35,34,39,38,46,23,27,36,42,45,22,26,31,32,43,17,15,16,12,11,4,13,9,5,3,1,2,6,8,7,10,14,34,23,32,22,30,33,21,24,26,25,18,19,28,31,20,27,29,8,6,5,3,4,2,1,7,9,10,15.5,15.5,15.5,15.5,15.5,15.5,15.5,15.5,15.5,15.5,3,4,6,7,1,2,5,11,11,11,11,11,11,11
3686400,1,17.6,2.99485101798764,12,13,20,8,18,21,9,14,16,10,15,17,41,4,3,5,11,24,1,2,6,7,19,30,28,37,33,39,44,29,25,34,31,38,40,46,23,26,36,42,45,22,27,35,32,43,17,15,16,13,11,3,12,8,5,4,1,2,7,9,6,10,14,33,24,34,27,31,30,19,23,28,22,18,20,25,32,21,26,29,10,7,5,3,6,1,2,4,8,9,15.5,15.5,15.5,15.5,15.5,15.5,15.5,15.5,15.5,15.5,2,4,6,7,1,3,5,11,11,11,11,11,11,11
3686400,1,17.8,3.01346994635059,12,13,20,8,18,21,11,14,16,9,15,17,42,5,3,4,10,24,1,2,6,7,19,29,30,38,31,39,45,27,25,35,32,37,40,46,23,28,36,41,44,22,26,33,34,43,17,13,16,10,11,3,14,9,6,4,1,2,7,8,5,12,15,34,20,33,26,32,31,21,24,25,23,18,19,28,30,22,27,29,9,6,5,4,3,2,1,7,8,10,15.5,15.5,15.5,15.5,15.5,15.5,15.5,15.5,15.5,15.5,2,3,6,7,1,4,5,11,11,11,11,11,11,11
3686400,1,18,3.03195164395263,13,12,19,8,18,21,11,14,16,10,15,17,42,5,3,4,9,26,1,2,6,7,20,30,28,37,34,39,45,27,24,36,29,38,41,46,23,31,35,40,44,22,25,32,33,43,17,15,16,12,11,4,14,9,5,2,1,3,6,8,7,10,13,34,20,31,26,32,33,21,23,28,27,18,19,25,30,22,24,29,8,3,7,5,4,1,2,6,9,10,15.5,15.5,15.5,15.5,15.5,15.5,15.5,15.5,15.5,15.5,1,3,7,6,2,4,5,11,11,11,11,11,11,11
3686400,1,18.2,3.05029884319575,13,14,20,8,18,21,12,11,16,9,15,17,41,5,3,4,10,25,1,2,6,7,19,29,28,38,36,40,45,27,24,35,32,39,42,46,23,30,34,37,44,22,26,31,33,43,17,15,16,12,9,3,13,8,5,4,1,2,7,10,6,11,14,33,20,32,26,28,34,19,23,29,25,18,21,30,31,22,24,27,7,3,6,4,5,2,1,8,9,10,15.5,15.5,15.5,15.5,15.5,15.5,15.5,15.5,15.5,15.5,2,4,6,7,1,3,5,11,11,11,11,11,11,11
3686400,1,18.4,3.06851418846428,13,14,20,8,18,21,11,12,16,9,15,17,42,5,3,4,10,24,1,2,6,7,19,28,29,38,32,40,45,27,26,33,35,39,41,46,23,30,36,37,44,22,25,31,34,43,17,15,16,13,11,2,14,9,5,3,1,4,6,12,7,10,8,34,22,31,26,30,33,19,25,27,28,18,20,29,32,21,23,24,10,8,4,2,5,1,3,6,7,9,15.5,15.5,15.5,15.5,15.5,15.5,15.5,15.5,15.5,15.5,2,3,5,6,1,4,7,11,11,11,11,11,11,11
3686400,1,18.6,3.08660024002455,13,14,20,9,18,21,11,15,16,10,12,17,42,8,3,4,7,25,1,2,5,6,19,30,29,37,35,41,45,27,24,36,33,39,40,46,23,28,34,38,44,22,26,32,31,43,17,15,16,13,11,3,14,8,5,2,1,4,6,9,7,10,12,32,23,31,26,30,33,20,24,28,27,18,21,22,34,19,25,29,10,5,4,2,6,3,1,7,8,9,15.5,15.5,15.5,15.5,15.5,15.5,15.5,15.5,15.5,15.5,3,4,7,6,1,2,5,11,11,11,11,11,11,11
3686400,1,18.8,3.1045594777057,12,14,20,8,18,21,11,16,15,10,13,17,42,5,3,4,9,26,1,2,6,7,19,30,25,38,35,41,45,27,24,34,33,39,40,46,23,29,36,37,44,22,28,32,31,43,17,14,16,12,11,4,15,9,5,3,1,2,6,8,7,10,13,34,19,32,29,33,30,20,25,28,27,18,21,26,31,22,23,24,8,3,6,4,5,2,1,7,9,10,15.5,15.5,15.5,15.5,15.5,15.5,15.5,15.5,15.5,15.5,1,3,7,6,2,4,5,11,11,11,11,11,11,11
3686400,1,19,3.12239430437605,14,15,20,7,18,21,10,12,16,9,13,17,42,11,4,3,8,25,1,2,5,6,19,30,26,38,34,40,45,29,24,36,32,39,43,46,23,28,35,37,44,22,27,33,31,41,17,15,16,12,11,4,14,9,5,2,1,3,7,6,8,10,13,33,19,34,25,31,32,21,23,29,26,18,20,27,30,22,24,28,7,6,4,2,5,1,3,8,10,9,15.5,15.5,15.5,15.5,15.5,15.5,15.5,15.5,15.5,15.5,2,3,7,6,1,4,5,11,11,11,11,11,11,11
3686400,1,19.2,3.14010704922916,13,15,20,8,18,21,11,14,16,9,12,17,42,10,4,3,7,25,1,2,5,6,19,30,27,39,35,41,45,26,23,36,32,38,43,46,24,28,34,37,44,22,29,33,31,40,17,15,16,12,9,3,14,11,5,2,1,4,6,7,8,10,13,31,19,34,23,30,33,20,24,28,26,18,21,25,32,22,27,29,10,5,4,2,6,3,1,7,8,9,15.5,15.5,15.5,15.5,15.5,15.5,15.5,15.5,15.5,15.5,5,4,7,6,1,2,3,11,11,11,11,11,11,11
3686400,1,19.4,3.15769997089169,12,14,20,8,18,21,10,15,16,11,13,17,41,6,3,4,9,23,1,2,5,7,19,31,28,39,33,42,45,26,24,36,30,37,43,46,25,27,35,38,44,22,29,34,32,40,17,15,16,12,10,3,13,9,5,2,1,4,6,7,8,11,14,32,21,31,25,34,33,19,28,29,23,18,20,27,30,22,24,26,6,2,5,4,7,1,8,3,9,10,15.5,15.5,15.5,15.5,15.5,15.5,15.5,15.5,15.5,15.5,3,4,6,5,1,2,7,11,11,11,11,11,11,11
3686400,1,19.6,3.1751752603652,12,13,19,7,18,21,10,15,16,11,14,17,41,8,3,4,9,25,1,2,5,6,20,30,27,40,35,39,45,26,23,36,31,38,43,46,24,29,34,37,44,22,28,33,32,42,17,15,16,12,11,4,13,9,5,2,1,3,6,8,7,10,14,31,21,30,27,34,33,19,25,29,24,18,20,28,32,23,22,26,5,3,7,4,1,2,8,6,9,10,15.5,15.5,15.5,15.5,15.5,15.5,15.5,15.5,15.5,15.5,2,3,6,5,1,4,7,11,11,11,11,11,11,11
3686400,1,19.8,3.1925350438122,15,13,20,9,18,21,11,14,17,10,12,16,39,6,3,4,8,25,1,2,5,7,19,29,28,40,35,41,45,26,24,36,31,37,43,46,23,30,32,38,44,22,27,33,34,42,17,16,15,13,9,3,14,11,4,2,1,5,6,7,8,10,12,34,21,33,27,32,30,22,24,29,25,18,19,26,31,20,23,28,5,1,6,4,7,2,3,8,10,9,15.5,15.5,15.5,15.5,15.5,15.5,15.5,15.5,15.5,15.5,2,3,7,6,1,4,5,11,11,11,11,11,11,11
3686400,1,20,3.20978138519678,15,14,20,9,18,21,11,17,16,10,12,13,39,8,4,3,7,24,1,2,5,6,19,29,27,40,35,41,45,26,25,36,33,38,43,46,23,31,30,37,44,22,28,32,34,42,17,15,16,12,10,3,13,9,5,2,1,4,6,8,7,11,14,34,21,31,27,33,32,22,23,29,26,18,20,24,30,19,25,28,9,7,6,2,4,1,3,5,8,10,15.5,15.5,15.5,15.5,15.5,15.5,15.5,15.5,15.5,15.5,2,3,6,7,1,4,5,11,11,11,11,11,11,11
3686400,1,20.2,3.22691628878859,12,13,20,6,18,21,9,14,16,11,15,17,39,10,3,4,8,24,1,2,5,7,19,29,26,41,35,40,45,28,25,37,33,38,43,46,23,31,32,36,44,22,27,30,34,42,17,15,16,12,10,4,13,9,5,3,1,2,6,8,7,11,14,32,22,30,26,34,33,19,27,29,25,18,20,24,31,21,23,28,8,4,6,5,1,2,9,3,7,10,15.5,15.5,15.5,15.5,15.5,15.5,15.5,15.5,15.5,15.5,2,3,6,7,1,4,5,11,11,11,11,11,11,11
3686400,1,20.4,3.24394170153907,12,14,19,5,18,21,8,13,16,10,15,17,38,7,3,4,11,24,1,2,6,9,20,29,26,40,35,41,45,28,25,36,34,39,43,46,23,30,31,37,44,22,27,32,33,42,17,15,16,11,8,3,14,10,6,2,1,4,7,12,5,9,13,33,20,30,27,32,31,19,24,26,29,18,21,28,34,22,23,25,1,2,9,8,3,5,10,4,6,7,15.5,15.5,15.5,15.5,15.5,15.5,15.5,15.5,15.5,15.5,5,4,6,7,1,2,3,11,11,11,11,11,11,11
3686400,1,20.6,3.26085951533761,13,12,19,6,18,21,10,15,16,11,14,17,38,7,3,4,9,22,1,2,5,8,20,26,27,40,37,41,45,28,24,36,34,39,43,46,25,30,32,35,44,23,29,33,31,42,17,15,16,13,8,3,14,10,5,2,1,7,6,11,4,9,12,33,19,32,26,30,31,21,23,29,28,18,22,24,34,20,25,27,7,3,6,4,2,1,10,5,8,9,15.5,15.5,15.5,15.5,15.5,15.5,15.5,15.5,15.5,15.5,7,4,5,6,1,2,3,11,11,11,11,11,11,11
3686400,1,20.7999999999999,3.27767156915499,15,9,17,8,19,21,7,3,10,6,14,18,23,2,4,11,16,22,1,5,12,13,20,24,40,34,36,41,44,25,28,37,35,39,42,46,27,30,31,38,45,26,29,32,33,43,17,15,14,12,9,4,16,13,5,2,1,7,6,3,8,10,11,29,33,28,30,23,25,34,31,21,19,18,32,20,22,24,27,26,4,3,8,9,1,7,10,2,5,6,15.5,15.5,15.5,15.5,15.5,15.5,15.5,15.5,15.5,15.5,7,6,4,3,5,2,1,11,11,11,11,11,11,11
3686400,1,21,3.29437965108094,13,14,19,7,18,21,10,11,16,6,15,17,39,12,4,3,9,23,1,2,5,8,20,29,28,40,32,41,45,26,24,33,31,37,43,46,25,30,34,38,44,22,27,35,36,42,17,16,15,14,9,2,13,10,4,3,1,5,6,7,8,11,12,30,23,31,27,34,33,20,26,29,28,18,21,25,32,19,24,22,7,3,6,5,2,1,9,4,8,10,15.5,15.5,15.5,15.5,15.5,15.5,15.5,15.5,15.5,15.5,3,4,5,6,1,2,7,11,11,11,11,11,11,11
3686400,1,21.2,3.31098550026216,12,13,20,6,18,21,10,16,15,11,14,17,39,9,3,4,8,22,1,2,5,7,19,29,28,40,33,41,45,26,24,35,31,36,43,46,25,30,32,38,44,23,27,34,37,42,17,16,15,13,9,3,14,10,5,2,1,4,7,8,6,11,12,33,23,30,27,34,31,19,25,26,29,18,20,28,32,21,22,24,2,1,7,4,5,3,9,6,8,10,15.5,15.5,15.5,15.5,15.5,15.5,15.5,15.5,15.5,15.5,3,4,6,5,1,2,7,11,11,11,11,11,11,11
3686400,1,21.3999999999999,3.32749080874656,12,13,19,6,18,21,10,17,15,11,14,16,38,9,3,4,8,22,1,2,5,7,20,28,29,40,32,41,45,27,24,34,31,39,43,46,25,30,33,37,44,23,26,35,36,42,17,15,16,13,9,3,14,10,5,2,1,4,6,7,8,11,12,31,21,34,26,32,33,19,25,29,30,18,20,24,28,22,23,27,5,2,7,6,1,3,9,4,8,10,15.5,15.5,15.5,15.5,15.5,15.5,15.5,15.5,15.5,15.5,3,4,6,7,1,2,5,11,11,11,11,11,11,11
3686400,1,21.6000000000001,3.34389722323944,15,10,17,8,19,21,7,3,9,6,14,18,23,1,4,11,16,22,2,5,12,13,20,26,40,28,37,39,44,32,29,31,36,41,43,46,27,30,35,38,45,24,25,33,34,42,16,17,13,14,8,4,15,12,5,3,1,7,6,2,9,10,11,30,33,26,29,23,24,34,32,22,21,18,28,20,19,31,27,25,2,3,8,9,1,7,10,6,5,4,15.5,15.5,15.5,15.5,15.5,15.5,15.5,15.5,15.5,15.5,7,6,4,3,5,2,1,11,11,11,11,11,11,11
3686400,1,21.8,3.36020634677632,12,13,19,6,18,21,9,16,15,11,14,17,38,10,3,4,8,22,1,2,5,7,20,27,30,40,35,42,44,28,24,31,32,39,43,46,25,29,33,36,45,23,26,34,37,41,17,16,15,14,9,3,13,10,6,2,1,5,7,4,8,11,12,30,21,31,25,33,34,19,23,29,27,18,20,24,32,22,28,26,3,1,7,6,2,4,10,5,9,8,15.5,15.5,15.5,15.5,15.5,15.5,15.5,15.5,15.5,15.5,5,3,7,6,1,2,4,11,11,11,11,11,11,11
3686400,1,22,3.37641974031768,13,14,19,7,18,21,10,15,17,11,12,16,35,9,3,4,8,22,1,2,5,6,20,28,30,40,33,42,44,29,25,38,31,39,43,46,26,27,32,36,45,23,24,34,37,41,17,16,15,12,9,3,14,10,5,2,1,4,7,6,8,11,13,28,20,32,26,34,33,19,25,29,30,18,21,27,31,22,24,23,7,3,8,6,2,1,5,4,9,10,15.5,15.5,15.5,15.5,15.5,15.5,15.5,15.5,15.5,15.5,3,4,7,6,1,2,5,11,11,11,11,11,11,11
3686400,1,22.1999999999999,3.39253892426949,12,15,19,6,18,21,11,13,16,10,14,17,33,9,3,4,8,22,1,2,5,7,20,28,30,39,32,41,44,27,26,34,31,40,43,46,24,29,37,35,45,23,25,36,38,42,17,15,16,12,9,3,13,11,5,2,1,4,6,7,8,10,14,31,21,32,25,34,33,20,24,28,30,18,19,26,29,22,23,27,8,5,6,3,2,1,10,4,7,9,15.5,15.5,15.5,15.5,15.5,15.5,15.5,15.5,15.5,15.5,7,6,4,5,1,2,3,11,11,11,11,11,11,11
3686400,1,22.4,3.40856537993421,12,13,19,5,18,20,8,16,15,10,14,17,33,11,4,3,9,22,1,2,6,7,21,28,27,39,36,41,44,29,25,32,31,40,43,46,24,30,37,38,45,23,26,35,34,42,17,16,15,12,9,3,14,11,4,2,1,6,5,7,8,10,13,31,21,30,25,33,34,19,24,29,27,18,20,26,32,22,23,28,7,4,8,6,1,2,10,3,5,9,15.5,15.5,15.5,15.5,15.5,15.5,15.5,15.5,15.5,15.5,2,3,6,7,1,5,4,11,11,11,11,11,11,11
3686400,1,22.6,3.42450055089573,12,13,19,6,18,21,9,17,15,11,14,16,31,10,4,3,8,22,1,2,5,7,20,30,27,40,34,41,44,29,26,33,32,39,43,46,24,28,38,35,45,23,25,37,36,42,17,15,16,13,9,3,14,10,5,2,1,4,7,6,8,11,12,30,19,31,24,33,34,20,25,29,28,18,22,26,32,21,23,27,6,2,9,7,1,3,10,4,8,5,15.5,15.5,15.5,15.5,15.5,15.5,15.5,15.5,15.5,15.5,5,4,7,6,1,2,3,11,11,11,11,11,11,11
3686400,1,22.8,3.44034584434206,14,13,19,6,18,21,9,17,16,10,12,15,31,11,4,3,8,22,1,2,5,7,20,29,28,39,32,41,44,30,25,34,33,40,43,46,24,26,38,37,45,23,27,36,35,42,17,15,16,12,9,3,14,10,5,2,1,4,7,6,8,11,13,28,19,31,26,34,33,20,24,30,29,18,22,27,32,21,23,25,5,2,8,6,1,3,10,4,9,7,15.5,15.5,15.5,15.5,15.5,15.5,15.5,15.5,15.5,15.5,7,4,6,5,1,2,3,11,11,11,11,11,11,11
3686400,1,23,3.45610263232912,13,14,19,8,18,21,9,16,17,10,12,15,31,11,4,3,7,22,1,2,5,6,20,28,26,39,33,42,44,30,25,34,32,40,43,46,24,29,35,36,45,23,27,38,37,41,17,16,15,12,9,3,14,11,4,2,1,5,6,8,7,10,13,28,22,33,27,34,31,20,25,30,29,18,21,26,32,19,23,24,4,1,7,5,2,3,9,6,8,10,15.5,15.5,15.5,15.5,15.5,15.5,15.5,15.5,15.5,15.5,3,5,7,6,1,2,4,11,11,11,11,11,11,11
3686400,1,23.1999999999999,3.47177225298877,14,13,19,6,18,20,9,17,16,11,12,15,29,10,4,3,8,22,1,2,5,7,21,26,25,40,33,43,44,28,27,34,32,39,42,46,24,31,37,35,45,23,30,38,36,41,17,15,16,13,9,3,14,12,4,2,1,5,6,8,7,10,11,30,21,32,25,34,31,19,24,28,29,18,22,27,33,20,26,23,1,2,7,6,3,4,9,5,8,10,15.5,15.5,15.5,15.5,15.5,15.5,15.5,15.5,15.5,15.5,3,5,6,7,1,2,4,11,11,11,11,11,11,11
3686400,1,23.4,3.48735601168416,13,12,19,6,18,20,9,15,16,10,14,17,31,11,4,3,8,22,2,1,5,7,21,25,27,40,33,43,44,30,26,34,32,39,42,46,24,28,35,38,45,23,29,37,36,41,17,16,15,13,9,3,14,12,5,2,1,7,6,4,8,11,10,31,20,30,25,34,32,19,24,29,28,18,21,27,33,22,23,26,2,1,7,5,3,4,10,6,8,9,15.5,15.5,15.5,15.5,15.5,15.5,15.5,15.5,15.5,15.5,3,4,6,7,1,2,5,11,11,11,11,11,11,11
3686400,1,23.6,3.50285518211498,13,12,19,6,18,21,9,17,15,10,14,16,31,11,4,3,8,22,1,2,5,7,20,26,27,39,33,43,44,28,24,34,32,41,42,46,25,30,35,36,45,23,29,38,37,40,17,15,16,13,9,3,14,10,5,2,1,6,7,4,8,11,12,29,20,30,24,34,33,19,27,31,28,18,21,25,32,22,23,26,3,1,7,6,2,4,10,5,8,9,15.5,15.5,15.5,15.5,15.5,15.5,15.5,15.5,15.5,15.5,5,4,6,7,1,2,3,11,11,11,11,11,11,11
3686400,1,23.7999999999999,3.51827100737553,13,14,20,6,18,21,10,17,16,11,12,15,30,9,4,3,8,22,1,2,5,7,19,26,28,39,33,42,44,27,24,34,32,40,43,46,25,31,35,36,45,23,29,37,38,41,17,16,15,13,9,3,14,11,4,2,1,7,5,6,8,12,10,29,20,30,26,33,34,19,27,32,28,18,22,25,31,21,24,23,3,1,7,6,2,5,10,4,8,9,15.5,15.5,15.5,15.5,15.5,15.5,15.5,15.5,15.5,15.5,7,6,4,5,1,2,3,11,11,11,11,11,11,11
3686400,1,24,3.53360470096768,13,12,19,5,18,20,9,17,16,11,14,15,30,10,3,4,7,22,1,2,6,8,21,25,28,38,33,43,44,27,24,34,32,40,42,46,26,31,35,37,45,23,29,36,39,41,17,16,15,13,9,3,14,10,5,2,1,6,7,4,8,11,12,29,19,32,25,33,34,20,26,31,30,18,22,27,28,21,23,24,4,3,8,7,1,5,10,2,6,9,15.5,15.5,15.5,15.5,15.5,15.5,15.5,15.5,15.5,15.5,7,6,4,5,1,2,3,11,11,11,11,11,11,11
3686400,1,24.2,3.5488574477714,15,14,19,8,18,21,11,17,16,9,12,13,28,10,4,3,6,22,2,1,5,7,20,27,30,36,33,42,44,25,24,34,32,40,43,46,26,31,35,38,45,23,29,37,39,41,17,16,15,12,9,3,13,10,5,2,1,7,6,4,8,11,14,27,20,32,25,33,34,21,24,30,31,18,22,26,29,19,23,28,10,7,5,4,1,2,9,3,6,8,15.5,15.5,15.5,15.5,15.5,15.5,15.5,15.5,15.5,15.5,7,6,3,4,1,2,5,11,11,11,11,11,11,11
3686400,1,24.4,3.56403040497475,14,13,19,6,18,20,9,17,16,10,12,15,30,11,4,3,7,22,2,1,5,8,21,27,29,37,32,41,44,24,25,33,34,40,43,46,26,31,35,38,45,23,28,36,39,42,17,16,15,13,8,3,14,11,4,2,1,7,6,5,9,10,12,29,21,31,25,34,33,19,24,28,30,18,23,27,32,20,22,26,3,2,8,6,1,4,10,5,7,9,15.5,15.5,15.5,15.5,15.5,15.5,15.5,15.5,15.5,15.5,7,6,5,4,1,2,3,11,11,11,11,11,11,11
3686400,1,24.6,3.57912470296558,15,14,19,7,18,20,10,17,16,11,12,13,30,9,4,3,6,22,2,1,5,8,21,28,27,35,32,41,44,26,24,33,34,40,43,46,25,31,39,37,45,23,29,36,38,42,17,16,15,13,8,3,14,11,4,2,1,7,6,5,9,10,12,31,20,30,25,34,33,19,23,29,28,18,22,27,32,21,24,26,2,1,7,6,3,4,10,5,8,9,15.5,15.5,15.5,15.5,15.5,15.5,15.5,15.5,15.5,15.5,7,6,5,4,2,1,3,11,11,11,11,11,11,11
3686400,1,24.8,3.59414144618661,13,16,19,8,18,21,9,17,14,10,11,12,31,15,5,3,6,22,2,1,4,7,20,24,28,38,32,42,44,27,26,33,34,40,43,46,25,29,37,39,45,23,30,35,36,41,17,16,15,13,9,3,14,11,5,2,1,7,6,4,8,10,12,31,20,29,26,34,33,19,28,30,27,18,21,25,32,22,23,24,7,4,6,5,1,2,10,3,8,9,15.5,15.5,15.5,15.5,15.5,15.5,15.5,15.5,15.5,15.5,7,6,4,5,2,1,3,11,11,11,11,11,11,11
3686400,1,25,3.60908171395603,14,17,19,8,18,21,10,16,15,9,11,12,26,13,4,2,6,22,3,1,5,7,20,27,28,38,32,41,44,31,24,34,33,40,42,46,25,30,37,39,45,23,29,35,36,43,17,15,14,12,9,4,16,11,5,3,1,7,6,2,8,10,13,28,19,31,26,33,34,20,27,32,29,18,22,25,30,21,23,24,10,7,3,1,4,2,9,5,6,8,15.5,15.5,15.5,15.5,15.5,15.5,15.5,15.5,15.5,15.5,7,6,4,5,2,1,3,11,11,11,11,11,11,11
3686400,1,25.1999999999999,3.62394656125491,14,16,19,8,18,20,9,17,15,13,12,11,26,10,4,3,6,22,2,1,5,7,21,28,30,37,33,43,44,31,29,34,32,40,42,46,24,27,38,39,45,23,25,35,36,41,17,16,14,12,9,3,15,11,5,2,1,7,6,4,8,10,13,28,19,31,26,33,34,20,24,32,30,18,22,27,29,21,23,25,8,6,4,2,3,1,10,5,7,9,15.5,15.5,15.5,15.5,15.5,15.5,15.5,15.5,15.5,15.5,7,6,5,4,1,2,3,11,11,11,11,11,11,11
3686400,1,25.4,3.63873701948347,13,15,19,6,18,20,10,17,16,11,12,14,25,9,4,3,7,22,1,2,5,8,21,28,30,37,33,43,44,31,26,34,32,40,41,46,24,29,39,38,45,23,27,35,36,42,17,16,15,13,9,3,14,11,4,2,1,7,6,5,8,10,12,30,21,32,27,34,33,19,24,31,29,18,22,26,28,20,23,25,1,2,9,7,3,5,10,4,6,8,15.5,15.5,15.5,15.5,15.5,15.5,15.5,15.5,15.5,15.5,7,4,5,6,1,2,3,11,11,11,11,11,11,11
3686400,1,25.6,3.65345409718729,13,14,19,5,18,20,9,16,17,10,12,15,25,11,4,3,7,22,1,2,6,8,21,29,28,38,33,43,44,31,27,34,32,40,41,46,24,30,37,39,45,23,26,35,36,42,17,16,15,13,9,3,14,12,4,2,1,7,6,5,8,10,11,28,21,30,27,34,33,20,24,31,29,18,22,26,32,19,23,25,1,2,9,8,3,5,10,4,6,7,15.5,15.5,15.5,15.5,15.5,15.5,15.5,15.5,15.5,15.5,3,4,6,7,1,2,5,11,11,11,11,11,11,11
3686400,1,25.8,3.66809878075523,14,15,19,5,18,20,9,13,17,10,12,16,28,11,4,3,7,22,1,2,6,8,21,31,26,37,33,43,44,29,25,34,30,40,41,46,24,32,38,39,45,23,27,35,36,42,17,16,15,13,9,4,14,11,5,2,1,7,6,3,8,10,12,28,21,31,25,34,33,19,26,29,30,18,22,27,32,20,23,24,1,2,8,7,3,5,10,4,6,9,15.5,15.5,15.5,15.5,15.5,15.5,15.5,15.5,15.5,15.5,2,4,7,6,3,1,5,11,11,11,11,11,11,11
3686400,1,26,3.68267203509023,14,15,19,6,18,20,9,17,16,10,12,13,28,11,4,3,7,22,2,1,5,8,21,31,25,37,32,43,44,29,27,35,33,41,40,46,24,30,38,39,45,23,26,34,36,42,17,16,14,12,9,4,15,11,5,3,1,7,6,2,8,10,13,28,21,31,24,33,34,19,26,29,30,18,22,27,32,20,23,25,3,1,9,7,2,5,10,4,6,8,15.5,15.5,15.5,15.5,15.5,15.5,15.5,15.5,15.5,15.5,3,4,7,6,5,1,2,11,11,11,11,11,11,11
4096,1,2.80000000000008,0.293682637210036,18,17,20,15,21,23,5,3,9,10,13,16,22,2,6,11,12,19,1,4,7,8,14,39,36,41,40,44,46,29,27,32,33,38,42,45,24,28,34,35,43,25,26,30,31,37,4,2,7,3,9,12,1,5,14,15,17,10,13,16,6,8,11,24,20,25,21,18,23,19,22,26,27,34,31,32,33,29,28,30,13,16,19,18,14,15,20,11,12,17,1,5,9,4,7,6,8,2,3,10,5,6,8,9,7,11,10,3,4,2,1,13,13,13
4096,1,2.89999999999998,0.399876548049676,19,18,20,15,21,22,5,2,9,10,13,17,23,1,6,11,12,16,3,4,7,8,14,38,35,42,40,44,45,28,27,32,33,37,43,46,24,29,34,36,41,25,26,30,31,39,8,2,9,3,11,12,1,4,14,15,17,5,13,16,6,7,10,24,22,27,21,18,19,20,25,23,26,31,28,33,32,30,29,34,16,18,20,19,15,14,17,13,12,11,9,6,5,10,8,3,7,4,2,1,4,5,7,8,6,9,10,12.5,3,1,2,12.5,12.5,12.5
4096,1,2.99999999999998,0.48012949922788,19,18,20,15,21,22,3,4,8,10,13,16,23,5,6,11,12,17,1,2,7,9,14,37,34,41,40,44,45,28,27,32,33,38,43,46,24,29,35,36,42,25,26,30,31,39,8,2,10,7,11,13,1,9,14,15,17,4,12,16,3,5,6,25,21,24,20,18,19,26,28,22,23,34,27,30,33,29,31,32,19,17,20,18,14,15,13,11,12,16,10,8,7,1,3,4,6,2,5,9,1,2,4,5,3,6,7,11,11,11,11,11,11,11
4096,1,3.19999999999996,0.606466870301773,18,17,20,15,21,22,5,2,7,9,13,16,23,3,6,11,12,19,1,4,8,10,14,37,35,41,40,44,45,27,26,31,33,38,42,46,25,29,34,36,43,24,28,30,32,39,5,2,10,3,11,12,1,9,14,15,17,7,13,16,4,6,8,26,22,21,20,18,19,29,23,24,25,34,30,28,32,33,31,27,20,19,18,17,14,13,16,15,12,11,10,7,2,9,6,3,1,8,5,4,1,2,4,5,3,6,7,11,11,11,11,11,11,11
4096,1,3.39999999999997,0.708681957162054,18,17,20,15,21,22,5,3,7,8,13,16,23,2,6,11,12,19,1,4,9,10,14,39,33,41,40,44,45,27,26,30,34,38,43,46,24,29,35,36,42,25,28,31,32,37,9,3,10,7,11,13,1,4,14,15,17,5,12,16,2,6,8,28,32,21,19,27,18,22,20,31,34,24,29,23,33,30,25,26,20,19,18,17,16,14,13,11,12,15,8,10,5,2,6,7,9,3,1,4,1,2,5,4,3,6,7,11,11,11,11,11,11,11
4096,1,3.59999999999997,0.79681769802529,18,17,20,15,21,22,5,3,7,8,13,16,23,2,6,11,12,19,1,4,9,10,14,40,34,41,39,44,45,28,27,33,32,37,43,46,25,29,35,36,42,24,26,30,31,38,9,3,10,7,12,13,1,6,14,15,17,4,11,16,2,5,8,26,30,21,20,19,18,28,25,24,22,34,29,23,27,31,32,33,17,18,20,19,15,14,16,11,13,12,5,2,1,8,9,3,10,4,6,7,1,2,5,4,3,6,7,11,11,11,11,11,11,11
4096,1,3.8,0.875416510651157,18,17,19,15,21,22,3,6,7,8,13,16,23,1,5,11,12,20,2,4,9,10,14,36,30,42,40,44,45,26,28,31,34,38,41,46,25,29,35,37,43,24,27,32,33,39,8,2,10,5,12,14,1,7,15,17,34,4,13,18,3,6,9,31,27,20,19,11,16,32,24,23,22,33,21,25,28,29,26,30,20,19,18,17,16,15,14,13,12,11,10,6,8,7,5,9,2,4,3,1,1,2,4,5,3,6,7,11,11,11,11,11,11,11
4096,1,4.00000000000001,0.946995820935936,18,16,19,15,21,22,6,3,7,8,13,17,23,1,5,11,12,20,2,4,9,10,14,36,30,41,40,44,45,28,27,32,34,39,42,46,25,29,35,37,43,24,26,31,33,38,15,4,17,10,19,21,1,11,31,32,34,9,24,33,6,14,16,23,30,7,3,5,2,20,8,28,22,29,13,12,18,26,27,25,20,19,18,17,16,15,13,12,11,14,10,3,8,5,7,9,1,6,2,4,1,2,5,6,3,4,7,11,11,11,11,11,11,11
4096,1,4.20000000000003,1.01312480394597,18,16,19,15,20,22,5,4,7,8,13,17,23,2,6,11,12,21,1,3,9,10,14,38,30,41,37,43,45,28,27,31,33,39,42,46,25,29,35,36,44,24,26,32,34,40,9,5,10,8,11,13,1,4,14,15,19,3,12,16,2,7,6,28,34,18,24,20,17,29,22,31,32,21,26,25,23,30,33,27,20,19,17,18,16,15,11,14,13,12,8,3,2,6,10,4,1,9,7,5,1,2,5,6,3,4,7,11,11,11,11,11,11,11
4096,1,4.39999999999999,1.07486051467478,18,16,19,14,20,22,6,3,7,8,13,17,23,2,5,11,12,21,1,4,9,10,15,37,30,39,38,43,45,28,27,33,34,40,42,46,24,29,35,36,44,25,26,31,32,41,10,7,11,8,12,13,1,4,14,15,17,3,9,16,2,6,5,29,34,25,28,20,18,33,31,21,24,19,22,27,32,26,30,23,20,19,17,18,16,15,12,14,13,11,10,5,1,9,7,2,4,8,6,3,1,2,4,5,3,6,7,11,11,11,11,11,11,11
4096,1,4.6,1.13295557377867,18,16,19,14,20,22,6,4,7,8,13,17,23,2,5,11,12,21,1,3,9,10,15,36,30,40,38,43,45,27,26,34,33,39,42,46,25,29,35,37,44,24,28,31,32,41,11,4,10,7,12,14,1,6,13,15,19,3,8,18,2,5,9,31,32,25,24,20,17,34,26,21,22,16,27,23,30,28,29,33,20,19,18,17,16,15,11,14,13,12,10,3,1,5,8,6,9,7,4,2,1,2,4,6,3,5,7,11,11,11,11,11,11,11
4096,1,4.79999999999998,1.1879686123322,18,16,19,14,20,22,6,4,8,7,12,17,23,2,5,11,13,21,1,3,9,10,15,36,30,39,37,43,45,29,28,31,33,40,42,46,24,27,35,38,44,25,26,32,34,41,11,2,10,7,12,14,1,5,13,15,17,4,9,16,3,6,8,30,31,27,21,19,20,33,26,24,22,18,32,25,23,28,29,34,20,19,18,17,16,14,11,12,13,15,10,5,8,1,7,9,2,4,3,6,1,2,5,6,3,4,7,11,11,11,11,11,11,11
4096,1,5,1.24032794840138,18,16,19,14,20,22,6,4,8,7,12,17,23,2,5,11,13,21,1,3,9,10,15,36,30,39,37,43,45,28,26,33,31,40,42,46,24,29,35,38,44,25,27,32,34,41,12,5,10,8,11,14,1,4,13,15,24,3,9,19,2,6,7,27,31,26,25,16,17,30,28,21,22,18,34,23,20,29,32,33,20,19,18,17,16,13,11,12,14,15,8,7,9,2,3,10,1,6,4,5,1,2,5,6,3,4,7,11,11,11,11,11,11,11
4096,1,5.2,1.29037064724064,18,15,19,14,20,22,6,4,8,7,12,17,23,2,5,11,13,21,1,3,9,10,16,36,30,39,37,43,45,29,27,32,33,40,42,46,25,28,35,38,44,24,26,31,34,41,18,8,16,10,17,19,1,5,14,15,30,3,11,20,4,9,6,32,34,24,25,13,7,33,27,21,12,2,31,23,22,28,29,26,20,19,18,17,16,12,11,13,14,15,2,6,9,3,4,10,1,8,7,5,1,2,5,6,3,4,7,11,11,11,11,11,11,11
4096,1,5.39999999999996,1.33836768922713,18,16,19,14,20,22,6,5,8,7,12,17,23,2,4,11,13,21,1,3,9,10,15,36,30,37,38,43,45,29,27,33,34,40,42,46,24,28,35,39,44,25,26,31,32,41,17,7,14,8,13,15,1,5,11,12,18,2,10,16,3,6,4,33,34,23,26,22,19,32,27,25,21,9,28,24,20,30,31,29,20,19,18,17,16,12,11,14,13,15,2,4,6,3,8,10,1,9,7,5,1,2,5,6,3,4,7,11,11,11,11,11,11,11
4096,1,5.60000000000003,1.38454084889859,18,16,19,14,20,22,6,4,8,7,12,17,23,2,5,11,13,21,1,3,9,10,15,36,30,38,37,42,45,29,27,31,34,40,43,46,25,28,35,39,44,24,26,32,33,41,21,6,19,10,20,22,2,5,12,14,30,3,11,25,4,8,7,34,33,26,27,23,9,32,29,18,16,1,17,15,13,28,31,24,20,19,18,16,17,12,11,13,14,15,2,6,3,4,10,5,1,9,7,8,1,3,5,7,2,4,6,11,11,11,11,11,11,11
4096,1,5.80000000000001,1.42907439781766,18,16,19,14,20,22,6,5,8,7,12,17,23,1,4,11,13,21,2,3,9,10,15,37,29,38,36,43,45,30,28,31,32,41,42,46,25,27,35,39,44,24,26,33,34,40,28,8,27,17,30,32,3,7,24,25,34,5,23,33,6,11,13,26,31,15,22,10,2,29,21,19,14,1,12,9,4,16,20,18,20,19,16,14,17,12,11,13,15,18,2,6,3,5,7,4,1,9,8,10,1,3,6,7,2,4,5,11,11,11,11,11,11,11
4096,1,6.00000000000001,1.47212344975772,18,16,19,14,20,22,6,5,8,7,12,17,23,2,4,11,13,21,1,3,9,10,15,37,32,38,36,43,45,29,26,34,33,41,42,46,25,27,35,39,44,24,28,30,31,40,28,6,26,15,27,29,2,5,23,25,34,4,19,31,3,8,17,33,30,21,24,20,12,32,22,10,11,1,9,7,14,16,13,18,20,19,16,14,17,12,11,13,15,18,2,6,3,5,7,4,1,9,8,10,2,3,6,7,1,4,5,11,11,11,11,11,11,11
4096,1,6.19999999999997,1.51382005642444,18,16,19,14,20,22,6,5,8,7,12,17,23,2,4,11,13,21,1,3,9,10,15,34,33,40,37,42,45,29,27,35,32,41,43,46,24,28,36,38,44,25,26,30,31,39,32,7,29,12,26,27,2,5,23,24,28,4,17,31,3,8,15,34,33,16,21,25,20,30,22,19,9,1,10,6,13,11,14,18,20,19,17,15,16,12,11,13,14,18,3,6,2,5,7,4,1,9,8,10,2,3,5,6,1,4,7,11,11,11,11,11,11,11
4096,1,6.39999999999998,1.55427775379429,18,16,19,14,20,22,6,5,8,7,12,17,23,2,4,11,13,21,1,3,9,10,15,38,34,41,36,43,45,32,28,33,31,40,42,46,25,27,35,37,44,24,26,30,29,39,34,9,31,17,29,30,4,10,24,25,28,8,23,32,5,12,22,26,27,20,15,19,21,33,16,18,11,1,14,3,6,2,7,13,20,19,17,15,16,11,10,14,13,18,4,5,1,6,9,2,3,8,7,12,2,3,5,6,1,4,7,11,11,11,11,11,11,11
4096,1,6.59999999999997,1.59359501524584,18,16,19,14,20,22,6,5,8,7,12,17,23,2,4,11,13,21,1,3,9,10,15,39,34,38,36,43,45,33,28,32,29,41,42,46,25,27,35,37,44,24,26,30,31,40,32,7,29,14,27,30,4,11,24,25,26,6,23,31,3,13,19,28,33,20,17,22,21,34,16,18,12,1,15,5,8,2,10,9,19,15,14,12,13,7,6,11,9,10,3,5,1,8,20,2,4,17,16,18,1,3,5,6,2,4,7,11,11,11,11,11,11,11
4096,1,6.79999999999998,1.63185791687235,18,16,19,14,20,22,6,4,8,7,12,17,23,2,5,11,13,21,1,3,9,10,15,38,35,40,36,42,45,33,28,34,31,41,43,46,24,27,32,37,44,25,26,29,30,39,29,5,26,8,22,25,4,6,16,15,17,3,11,23,2,7,9,32,33,24,28,30,31,34,27,20,19,1,18,12,21,10,13,14,18,15,13,11,12,7,6,10,9,8,2,3,1,16,20,4,5,14,17,19,1,3,5,6,2,4,7,11,11,11,11,11,11,11
4096,1,7.00000000000001,1.66914222433368,18,16,19,14,20,22,7,4,9,6,12,17,23,2,5,11,13,21,1,3,8,10,15,35,34,41,38,43,45,31,27,36,33,40,42,46,25,28,32,37,44,24,26,29,30,39,18,8,17,9,16,14,4,5,13,12,11,3,10,15,2,6,7,32,34,26,29,28,31,33,27,30,23,1,22,19,24,21,25,20,15,14,12,9,11,7,6,8,10,13,2,18,1,5,18,4,3,18,18,18,1,3,5,6,2,4,7,11,11,11,11,11,11,11
4096,1,7.20000000000001,1.70551504783168,18,16,19,14,20,22,7,4,9,6,12,17,23,2,5,11,13,21,1,3,8,10,15,37,31,41,38,43,45,29,27,35,34,40,42,46,25,28,30,36,44,24,26,33,32,39,18,8,17,10,15,14,4,5,13,12,11,3,9,16,2,6,7,32,34,27,30,31,28,33,26,29,24,1,19,21,23,22,25,20,11,10,7,5,8,3,2,4,6,9,16,16,1,16,16,16,16,16,16,16,1,3,5,6,2,4,7,11,11,11,11,11,11,11
4096,1,7.39999999999996,1.7410361697907,18,16,19,14,20,22,7,4,9,6,12,17,23,2,5,11,13,21,1,3,8,10,15,37,31,39,41,42,45,29,28,34,32,40,43,46,25,27,35,36,44,24,26,30,33,38,18,13,17,12,16,14,4,5,11,10,8,3,9,15,2,6,7,32,34,27,30,29,31,33,28,26,23,1,19,21,20,24,25,22,10,9,6,4,8,2,1,3,5,7,15.5,15.5,15.5,15.5,15.5,15.5,15.5,15.5,15.5,15.5,2,3,6,5,1,4,7,11,11,11,11,11,11,11
4096,1,7.60000000000003,1.77575912113176,18,16,19,14,20,22,7,4,9,6,12,17,23,2,5,11,13,21,1,3,8,10,15,35,32,39,36,43,45,29,26,33,34,40,42,46,25,28,37,38,44,24,27,30,31,41,18,13,17,12,15,14,4,5,10,9,11,3,8,16,1,6,7,32,34,28,31,29,30,33,27,26,22,2,19,23,21,25,24,20,10,9,6,5,7,2,1,3,4,8,15.5,15.5,15.5,15.5,15.5,15.5,15.5,15.5,15.5,15.5,2,3,6,5,1,4,7,11,11,11,11,11,11,11
4096,1,7.80000000000003,1.8097320620562,18,16,19,14,20,22,7,5,9,6,12,17,23,2,4,11,13,21,1,3,8,10,15,34,30,38,37,43,45,29,26,35,33,41,42,46,25,28,36,39,44,24,27,31,32,40,18,12,17,11,15,14,3,5,10,9,13,2,8,16,1,6,7,32,34,28,30,29,31,33,27,22,20,4,19,26,24,23,25,21,10,9,6,5,7,2,1,3,4,8,15.5,15.5,15.5,15.5,15.5,15.5,15.5,15.5,15.5,15.5,2,3,6,5,1,4,7,11,11,11,11,11,11,11
4096,1,8.00000000000007,1.84299850911548,18,16,19,14,20,22,7,5,9,6,12,17,23,2,4,11,13,21,1,3,8,10,15,31,30,38,37,43,45,28,26,36,34,41,42,46,24,29,35,39,44,25,27,32,33,40,20,12,18,9,15,14,4,5,11,10,13,3,7,17,2,6,8,32,34,28,31,24,30,33,29,23,16,1,19,22,21,26,27,25,10,9,7,5,6,2,1,3,4,8,15.5,15.5,15.5,15.5,15.5,15.5,15.5,15.5,15.5,15.5,2,3,7,6,1,4,5,11,11,11,11,11,11,11
4096,1,8.20000000000006,1.87559794017716,18,16,19,14,20,22,7,5,9,6,12,17,23,2,4,11,13,21,1,3,8,10,15,30,31,39,38,43,45,29,26,35,33,41,42,46,25,28,36,37,44,24,27,32,34,40,28,10,22,9,19,18,4,5,13,11,21,3,8,24,2,7,12,33,34,25,31,15,26,32,30,16,6,1,14,17,20,23,27,29,10,9,7,5,6,2,1,3,4,8,15.5,15.5,15.5,15.5,15.5,15.5,15.5,15.5,15.5,15.5,1,3,7,6,2,4,5,11,11,11,11,11,11,11
4096,1,8.39999999999999,1.90756630148484,18,16,19,14,20,22,7,5,9,6,12,17,23,2,4,11,13,21,1,3,8,10,15,32,29,38,36,43,45,30,27,34,31,41,42,46,25,28,37,39,44,24,26,33,35,40,31,14,27,12,24,19,5,7,15,13,22,3,10,30,2,8,18,33,34,26,29,11,25,32,21,9,4,1,6,17,16,23,20,28,10,9,6,3,7,2,1,5,4,8,15.5,15.5,15.5,15.5,15.5,15.5,15.5,15.5,15.5,15.5,1,3,7,6,2,4,5,11,11,11,11,11,11,11
4096,1,8.60000000000003,1.93893643553387,18,16,19,14,20,22,7,5,10,6,13,17,23,2,4,11,12,21,1,3,8,9,15,33,30,38,36,43,45,29,27,34,31,41,42,46,25,28,37,39,44,24,26,32,35,40,31,14,27,13,25,22,6,7,16,15,21,5,12,28,3,10,20,33,34,18,24,9,29,32,19,4,2,1,8,11,17,26,23,30,10,9,5,3,8,2,1,6,4,7,15.5,15.5,15.5,15.5,15.5,15.5,15.5,15.5,15.5,15.5,2,3,7,6,1,4,5,11,11,11,11,11,11,11
4096,1,8.80000000000001,1.96973844439194,18,16,19,14,20,22,7,5,10,6,13,17,23,2,4,11,12,21,1,3,8,9,15,35,29,37,36,43,45,30,28,34,31,41,42,46,24,26,38,39,44,25,27,32,33,40,30,17,25,14,22,21,6,8,15,13,18,4,11,27,3,9,20,33,34,16,24,7,26,32,19,5,2,1,12,10,23,29,28,31,10,9,4,3,8,2,1,6,5,7,15.5,15.5,15.5,15.5,15.5,15.5,15.5,15.5,15.5,15.5,2,3,7,6,1,4,5,11,11,11,11,11,11,11
4096,1,9,2,18,15,19,14,20,22,7,5,10,6,13,16,23,2,4,11,12,21,1,3,8,9,17,33,30,37,35,43,45,29,27,34,31,41,42,46,25,28,38,39,44,24,26,32,36,40,27,18,24,14,20,19,5,6,13,12,10,4,11,23,2,8,16,32,34,21,26,15,30,33,22,9,3,1,17,7,25,29,28,31,10,9,5,3,8,2,1,4,6,7,15.5,15.5,15.5,15.5,15.5,15.5,15.5,15.5,15.5,15.5,2,3,7,6,1,4,5,11,11,11,11,11,11,11
4096,1,9.19999999999997,2.02974661062705,18,15,19,14,20,22,7,5,10,6,13,16,23,2,4,11,12,21,1,3,8,9,17,34,32,38,36,43,45,29,27,35,31,41,42,46,25,28,37,39,44,24,26,30,33,40,25,17,22,14,18,16,5,6,12,11,7,3,10,20,2,9,15,33,34,24,26,23,30,32,21,13,4,1,19,8,27,28,29,31,10,9,4,3,8,2,1,5,7,6,15.5,15.5,15.5,15.5,15.5,15.5,15.5,15.5,15.5,15.5,2,3,7,6,1,4,5,11,11,11,11,11,11,11
4096,1,9.39999999999998,2.05900185083196,18,15,19,14,20,22,7,5,10,6,13,16,23,2,4,11,12,21,1,3,8,9,17,35,34,38,37,42,45,31,28,33,32,40,43,46,25,26,36,39,44,24,27,29,30,41,24,18,20,14,17,16,6,7,12,11,5,3,9,19,2,8,15,33,34,23,29,21,30,32,25,13,4,1,22,10,26,28,27,31,10,9,7,3,8,1,2,4,6,5,15.5,15.5,15.5,15.5,15.5,15.5,15.5,15.5,15.5,15.5,2,3,7,6,1,4,5,11,11,11,11,11,11,11
4096,1,9.59999999999997,2.08778756086947,18,16,19,14,20,22,8,5,10,6,13,15,23,2,4,11,12,21,1,3,7,9,17,37,34,38,32,42,45,33,28,35,30,40,43,46,26,27,36,39,44,25,24,31,29,41,23,18,20,14,16,15,6,5,12,9,4,3,8,19,2,7,13,33,34,26,28,24,31,32,22,21,10,1,17,11,25,29,27,30,10,9,6,3,8,2,1,5,7,4,15.5,15.5,15.5,15.5,15.5,15.5,15.5,15.5,15.5,15.5,2,3,7,6,1,4,5,11,11,11,11,11,11,11
4096,1,9.8,2.11612402036781,19,16,18,14,20,22,8,5,11,6,13,15,23,2,4,10,12,21,1,3,7,9,17,37,32,38,35,42,45,33,28,36,30,40,43,46,25,27,31,39,44,24,26,29,34,41,24,20,21,14,17,15,6,5,12,11,4,3,10,19,2,7,13,33,34,25,30,26,29,32,23,16,8,1,18,9,22,28,27,31,10,9,6,3,8,2,1,5,7,4,15.5,15.5,15.5,15.5,15.5,15.5,15.5,15.5,15.5,15.5,2,3,7,6,1,4,5,11,11,11,11,11,11,11
4096,1,9.99999999999999,2.14403010022796,19,16,18,14,20,22,8,4,11,6,13,15,23,2,5,10,12,21,1,3,7,9,17,36,37,38,33,42,45,32,28,34,31,40,43,46,25,27,35,39,44,24,26,30,29,41,26,20,22,15,18,13,7,6,11,10,4,3,9,19,2,8,12,32,34,24,30,23,31,33,25,17,5,1,16,14,21,28,27,29,10,9,5,4,8,2,1,7,6,3,15.5,15.5,15.5,15.5,15.5,15.5,15.5,15.5,15.5,15.5,2,3,7,6,1,4,5,11,11,11,11,11,11,11
4096,1,10.2,2.17152339599684,19,16,18,14,20,22,8,4,11,6,13,15,23,2,5,10,12,21,1,3,7,9,17,38,35,36,34,42,45,33,28,32,29,40,43,46,25,27,37,39,44,24,26,30,31,41,28,21,22,16,17,13,6,5,11,9,3,4,8,19,2,7,14,33,34,29,30,27,31,32,24,18,10,1,12,15,20,26,23,25,10,9,5,3,8,2,1,7,6,4,15.5,15.5,15.5,15.5,15.5,15.5,15.5,15.5,15.5,15.5,2,3,7,6,1,4,5,11,11,11,11,11,11,11
4096,1,10.4,2.19862034540709,19,16,18,14,20,22,8,4,11,6,13,15,23,2,5,10,12,21,1,3,7,9,17,34,33,39,36,42,45,35,28,37,30,40,43,46,25,27,32,38,44,24,26,29,31,41,30,21,23,16,17,13,6,5,12,10,2,4,9,19,3,7,14,33,34,26,29,28,31,32,25,18,8,1,11,15,20,27,24,22,10,9,5,3,8,2,1,7,6,4,15.5,15.5,15.5,15.5,15.5,15.5,15.5,15.5,15.5,15.5,2,3,7,6,1,4,5,11,11,11,11,11,11,11
4096,1,10.6,2.22533633232504,19,16,18,14,20,22,9,5,11,6,13,15,23,2,4,10,12,21,1,3,7,8,17,35,34,39,36,42,45,33,28,37,32,40,43,46,25,27,31,38,44,24,26,29,30,41,30,25,27,18,19,15,7,6,13,11,2,4,10,20,3,8,16,32,34,24,29,26,31,33,22,14,5,1,12,9,17,21,23,28,10,9,5,3,8,2,1,7,6,4,15.5,15.5,15.5,15.5,15.5,15.5,15.5,15.5,15.5,15.5,2,3,7,6,1,4,5,11,11,11,11,11,11,11
4096,1,10.8,2.25168577898244,19,16,18,14,20,22,9,5,11,6,13,15,23,2,4,10,12,21,1,3,7,8,17,33,35,39,37,42,45,34,27,36,31,40,43,46,25,26,32,38,44,24,28,30,29,41,30,25,26,18,19,15,13,8,14,12,2,4,11,20,3,9,17,33,34,28,29,23,31,32,27,7,5,1,10,6,16,21,22,24,10,9,5,3,8,2,1,7,6,4,15.5,15.5,15.5,15.5,15.5,15.5,15.5,15.5,15.5,15.5,2,3,7,6,1,4,5,11,11,11,11,11,11,11
4096,1,11,2.27768222806872,19,16,18,14,20,22,10,5,11,6,13,15,23,2,4,9,12,21,1,3,7,8,17,33,35,39,37,42,45,34,27,38,32,40,43,46,25,26,31,36,44,24,28,30,29,41,31,26,29,18,23,16,15,10,14,11,2,5,12,22,4,9,19,33,34,25,27,21,30,32,28,7,3,1,8,6,13,17,20,24,10,9,4,3,8,2,1,7,6,5,15.5,15.5,15.5,15.5,15.5,15.5,15.5,15.5,15.5,15.5,2,3,7,6,1,4,5,11,11,11,11,11,11,11
4096,1,11.1999999999999,2.30333841601573,19,16,18,14,20,22,10,5,11,6,13,15,23,2,4,9,12,21,1,3,7,8,17,33,37,39,38,42,45,34,28,36,32,40,43,46,25,27,29,35,44,24,26,31,30,41,31,28,30,20,24,16,18,14,15,12,3,5,13,21,4,11,22,33,34,23,26,17,27,32,29,6,2,1,7,8,9,10,19,25,10,9,4,3,8,2,1,7,6,5,15.5,15.5,15.5,15.5,15.5,15.5,15.5,15.5,15.5,15.5,2,3,7,6,1,4,5,11,11,11,11,11,11,11
4096,1,11.4,2.32866633860425,19,16,18,14,20,22,10,5,11,6,13,15,23,2,4,9,12,21,1,3,7,8,17,31,36,40,37,42,45,34,28,38,33,39,43,46,25,27,30,35,44,24,26,29,32,41,31,29,28,22,21,16,20,17,15,11,2,5,12,18,4,13,24,32,34,25,27,10,26,33,30,6,3,1,9,7,8,14,19,23,10,9,4,3,8,1,2,7,6,5,15.5,15.5,15.5,15.5,15.5,15.5,15.5,15.5,15.5,15.5,3,4,7,6,1,2,5,11,11,11,11,11,11,11
4096,1,11.6,2.35367730985473,19,16,18,14,20,22,10,5,11,6,13,15,23,2,4,9,12,21,1,3,7,8,17,32,35,39,37,42,45,34,28,36,33,40,43,46,26,27,31,38,44,24,25,29,30,41,31,27,26,20,19,14,22,16,13,9,2,4,10,18,5,12,21,33,34,24,28,17,25,32,30,6,3,1,11,8,7,15,23,29,10,9,4,2,8,1,3,6,7,5,15.5,15.5,15.5,15.5,15.5,15.5,15.5,15.5,15.5,15.5,3,4,7,6,1,2,5,11,11,11,11,11,11,11
4096,1,11.8,2.37838201502463,19,16,18,14,20,22,10,5,11,6,13,15,23,2,4,9,12,21,1,3,7,8,17,32,37,38,39,42,45,33,28,36,34,40,43,46,25,27,31,35,44,24,26,30,29,41,30,26,24,19,17,11,21,14,13,8,2,4,9,15,5,12,20,32,34,28,29,22,25,33,31,10,3,1,16,7,6,18,23,27,10,9,3,1,8,2,4,6,7,5,15.5,15.5,15.5,15.5,15.5,15.5,15.5,15.5,15.5,15.5,5,4,7,6,1,2,3,11,11,11,11,11,11,11
4096,1,12,2.40279055841865,19,16,18,14,20,22,10,5,11,6,13,15,23,2,4,9,12,21,1,3,7,8,17,35,37,39,38,42,45,33,28,36,31,40,43,46,25,27,32,34,44,24,26,30,29,41,29,24,20,17,15,8,19,14,10,6,2,4,9,13,3,11,18,32,34,27,30,23,25,33,31,12,5,1,21,16,7,22,26,28,10,9,3,1,8,2,4,7,6,5,15.5,15.5,15.5,15.5,15.5,15.5,15.5,15.5,15.5,15.5,5,4,7,6,1,2,3,11,11,11,11,11,11,11
4096,1,12.2,2.4269125066197,19,17,18,14,20,22,10,5,11,6,13,15,23,2,4,9,12,21,1,3,7,8,16,34,37,39,35,42,45,32,27,38,29,40,43,46,25,28,31,36,44,24,26,30,33,41,27,23,20,16,14,6,18,11,8,5,2,3,7,10,4,9,17,32,34,28,29,21,25,33,31,15,12,1,22,19,13,24,26,30,10,9,3,2,8,1,4,7,6,5,15.5,15.5,15.5,15.5,15.5,15.5,15.5,15.5,15.5,15.5,5,4,7,6,1,2,3,11,11,11,11,11,11,11
4096,1,12.4,2.45075692766633,19,16,18,14,20,22,10,5,11,6,13,15,23,2,4,9,12,21,1,3,7,8,17,30,34,39,37,42,45,35,27,38,29,40,43,46,25,28,32,36,44,24,26,33,31,41,27,23,21,17,13,5,18,12,8,6,2,4,7,10,3,9,19,33,34,28,29,22,25,32,31,16,11,1,20,15,14,24,26,30,10,9,3,2,8,1,4,7,5,6,15.5,15.5,15.5,15.5,15.5,15.5,15.5,15.5,15.5,15.5,5,4,7,6,1,2,3,11,11,11,11,11,11,11
4096,1,12.6,2.47433242663209,19,16,18,14,20,22,10,5,11,6,13,15,23,2,4,9,12,21,1,3,7,8,17,29,33,39,37,42,45,31,27,38,35,40,43,46,25,28,30,36,44,24,26,32,34,41,29,23,21,16,13,5,18,12,9,6,2,4,7,11,3,10,19,33,34,27,28,22,26,32,31,14,8,1,20,17,15,24,25,30,10,9,3,2,8,1,7,6,5,4,15.5,15.5,15.5,15.5,15.5,15.5,15.5,15.5,15.5,15.5,5,4,7,6,1,2,3,11,11,11,11,11,11,11
4096,1,12.8,2.49764717800315,19,16,18,14,20,22,10,5,11,6,13,15,23,2,4,8,12,21,1,3,7,9,17,29,34,39,37,42,45,31,27,38,33,40,43,46,25,28,35,36,44,24,26,30,32,41,28,23,22,16,13,5,17,14,9,6,2,4,8,10,3,11,18,33,34,27,30,21,24,32,31,12,7,1,20,19,15,25,26,29,10,8,3,2,9,1,7,6,4,5,15.5,15.5,15.5,15.5,15.5,15.5,15.5,15.5,15.5,15.5,7,4,6,5,1,2,3,11,11,11,11,11,11,11
4096,1,13,2.52070895519976,19,16,18,14,20,22,10,5,11,6,13,15,23,2,4,8,12,21,1,3,7,9,17,29,35,39,37,42,45,32,27,38,33,40,43,46,25,28,34,36,44,24,26,30,31,41,30,24,23,17,12,6,19,14,9,7,2,4,8,10,3,11,21,32,34,28,26,22,18,33,31,15,5,1,20,16,13,27,25,29,10,9,3,2,8,1,7,6,4,5,15.5,15.5,15.5,15.5,15.5,15.5,15.5,15.5,15.5,15.5,7,4,6,5,1,2,3,11,11,11,11,11,11,11
4096,1,13.2,2.54352515754396,19,16,18,14,20,22,10,5,11,6,13,15,23,2,4,8,12,21,1,3,7,9,17,28,34,38,37,42,45,32,27,39,33,40,43,46,25,29,35,36,44,24,26,30,31,41,30,24,23,15,12,6,19,14,9,7,2,4,8,10,3,11,20,33,34,26,28,22,18,32,31,13,5,1,21,16,17,27,25,29,10,8,3,2,9,1,7,6,4,5,15.5,15.5,15.5,15.5,15.5,15.5,15.5,15.5,15.5,15.5,7,4,6,5,1,2,3,11,11,11,11,11,11,11
4096,1,13.4,2.5661028349387,19,16,17,14,20,22,10,5,11,6,13,15,23,2,4,8,12,21,1,3,7,9,18,29,33,39,38,43,45,30,27,36,34,40,42,46,25,28,35,37,44,24,26,32,31,41,31,24,23,16,12,5,21,14,8,7,2,4,9,11,3,10,22,34,33,29,27,20,18,32,30,13,6,1,17,15,19,25,26,28,10,9,3,2,8,1,6,7,5,4,15.5,15.5,15.5,15.5,15.5,15.5,15.5,15.5,15.5,15.5,7,6,5,4,1,2,3,11,11,11,11,11,11,11
4096,1,13.6,2.58844871049157,19,16,18,14,20,22,10,5,11,6,13,15,23,2,4,8,12,21,1,3,7,9,17,29,31,39,36,42,45,30,27,37,35,40,43,46,25,28,34,38,44,24,26,32,33,41,31,24,23,19,13,6,21,14,8,7,2,5,9,15,4,12,22,34,33,27,26,11,17,32,30,10,3,1,16,18,20,25,28,29,10,8,3,2,9,1,5,7,6,4,15.5,15.5,15.5,15.5,15.5,15.5,15.5,15.5,15.5,15.5,7,6,5,4,1,2,3,11,11,11,11,11,11,11
4096,1,13.8,2.61056920128876,19,16,18,14,20,22,10,5,11,6,13,15,23,2,4,8,12,21,1,3,7,9,17,29,35,39,36,43,45,30,27,37,34,40,42,46,25,28,31,38,44,24,26,32,33,41,31,27,26,19,15,6,21,16,9,8,2,5,10,17,4,14,23,34,33,24,25,12,13,32,28,7,3,1,18,11,20,22,29,30,10,9,3,2,8,1,4,7,6,5,15.5,15.5,15.5,15.5,15.5,15.5,15.5,15.5,15.5,15.5,7,6,5,4,1,2,3,11,11,11,11,11,11,11
4096,1,14,2.632470437501,19,16,17,14,20,22,10,5,11,6,13,15,23,2,4,8,12,21,1,3,7,9,18,31,37,36,38,43,45,34,27,39,33,40,42,46,26,28,29,35,44,24,25,30,32,41,31,27,24,19,13,6,21,15,10,7,2,5,11,17,4,14,22,34,33,23,26,12,16,32,29,8,3,1,18,9,20,25,28,30,10,9,3,2,8,1,4,7,6,5,15.5,15.5,15.5,15.5,15.5,15.5,15.5,15.5,15.5,15.5,7,6,5,4,1,2,3,11,11,11,11,11,11,11
4096,1,14.2,2.65415827998245,19,16,17,14,20,21,11,5,10,6,13,15,23,2,4,8,12,22,1,3,7,9,18,30,37,36,38,43,45,34,28,35,32,40,41,46,26,27,33,39,44,24,25,29,31,42,31,29,28,20,16,8,22,15,12,10,2,7,13,21,5,17,24,34,33,23,25,9,11,32,27,4,3,1,14,6,18,19,26,30,10,9,3,2,8,1,4,7,6,5,15.5,15.5,15.5,15.5,15.5,15.5,15.5,15.5,15.5,15.5,7,6,5,4,1,2,3,11,11,11,11,11,11,11
4096,1,14.4,2.6756383365054,19,16,17,14,20,21,11,5,10,6,13,15,23,2,4,8,12,22,1,3,7,9,18,29,36,35,37,43,45,32,28,38,34,40,41,46,26,27,33,39,44,24,25,30,31,42,31,30,29,20,16,10,23,17,13,12,2,8,14,21,6,19,27,34,33,24,25,9,7,32,26,4,3,1,11,5,15,18,22,28,10,9,3,2,8,1,4,7,6,5,15.5,15.5,15.5,15.5,15.5,15.5,15.5,15.5,15.5,15.5,7,6,5,4,1,2,3,11,11,11,11,11,11,11
4096,1,14.6,2.69691597675802,19,16,17,14,20,21,11,5,10,6,13,15,23,2,4,8,12,22,1,3,7,9,18,29,36,35,37,43,45,38,28,34,32,40,41,46,26,27,33,39,44,24,25,30,31,42,31,30,29,21,17,7,26,18,14,12,2,9,15,25,6,19,28,33,34,22,23,10,11,32,27,4,3,1,8,5,16,13,20,24,10,9,4,2,8,1,3,7,6,5,15.5,15.5,15.5,15.5,15.5,15.5,15.5,15.5,15.5,15.5,7,6,5,4,1,2,3,11,11,11,11,11,11,11
4096,1,14.8,2.71799634621836,19,16,17,14,20,21,11,5,10,6,13,15,23,2,4,8,12,22,1,3,7,9,18,29,35,38,36,43,45,34,28,37,33,40,41,46,26,27,32,39,44,24,25,30,31,42,31,30,29,22,16,7,27,17,14,11,2,10,15,23,6,18,26,33,34,24,25,9,8,32,28,5,3,1,13,4,19,12,20,21,10,9,4,2,8,1,3,7,6,5,15.5,15.5,15.5,15.5,15.5,15.5,15.5,15.5,15.5,15.5,7,6,5,4,1,2,3,11,11,11,11,11,11,11
4096,1,15,2.73888437900616,19,16,17,14,20,21,12,5,10,6,13,15,23,2,4,8,11,22,1,3,7,9,18,29,37,39,36,43,45,34,28,38,32,40,42,46,26,27,31,35,44,25,24,30,33,41,31,30,29,22,17,6,26,19,13,11,2,9,14,23,7,20,25,33,34,28,24,8,10,32,27,4,3,1,12,5,16,15,21,18,10,9,4,3,8,1,2,7,6,5,15.5,15.5,15.5,15.5,15.5,15.5,15.5,15.5,15.5,15.5,7,6,5,4,1,2,3,11,11,11,11,11,11,11
4096,1,15.2,2.75958480980281,19,16,17,14,20,21,12,5,10,6,13,15,23,2,4,8,11,22,1,3,7,9,18,29,39,36,37,43,45,33,28,38,34,40,42,46,27,26,31,35,44,24,25,30,32,41,31,29,28,22,17,5,26,18,12,9,2,8,15,23,6,20,25,32,34,30,24,13,14,33,27,4,3,1,11,7,21,10,16,19,10,9,4,3,8,1,2,7,6,5,15.5,15.5,15.5,15.5,15.5,15.5,15.5,15.5,15.5,15.5,7,6,5,4,1,2,3,11,11,11,11,11,11,11
4096,1,15.3999999999999,2.78010218492096,19,18,17,14,20,21,12,5,11,6,13,15,23,2,4,8,10,22,1,3,7,9,16,30,35,36,38,43,45,34,28,37,33,42,41,46,27,26,31,39,44,24,25,29,32,40,31,30,28,23,17,5,25,18,11,9,2,8,12,22,7,20,24,33,34,29,27,15,14,32,26,4,3,1,10,6,21,13,16,19,10,9,4,3,8,1,2,7,6,5,15.5,15.5,15.5,15.5,15.5,15.5,15.5,15.5,15.5,15.5,7,6,5,4,1,2,3,11,11,11,11,11,11,11
4096,1,15.6,2.80044087259686,19,18,17,14,20,21,12,5,11,6,13,15,23,2,4,8,10,22,1,3,7,9,16,32,39,37,36,43,45,34,28,35,33,40,41,46,27,26,31,38,44,24,25,29,30,42,31,29,27,21,12,4,24,16,10,6,2,7,11,20,5,17,23,33,34,30,26,15,14,32,28,8,3,1,13,9,25,18,19,22,10,8,4,3,9,1,2,7,6,5,15.5,15.5,15.5,15.5,15.5,15.5,15.5,15.5,15.5,15.5,7,6,5,4,1,2,3,11,11,11,11,11,11,11
4096,1,15.8,2.82060507257085,20,18,17,14,19,21,12,5,11,6,13,15,23,2,4,8,10,22,1,3,7,9,16,31,36,38,37,42,45,33,29,35,32,40,41,46,25,26,34,39,44,24,27,28,30,43,31,27,25,18,11,4,23,14,8,5,2,7,9,12,6,15,19,33,34,30,28,17,20,32,29,10,3,1,16,13,26,21,24,22,10,8,4,3,9,1,2,7,6,5,15.5,15.5,15.5,15.5,15.5,15.5,15.5,15.5,15.5,15.5,7,6,5,4,1,2,3,11,11,11,11,11,11,11
4096,1,16,2.84059882501572,20,18,17,14,19,21,12,5,11,6,13,15,23,2,4,8,10,22,1,3,7,9,16,30,33,37,36,43,45,34,28,38,32,40,41,46,25,27,35,39,44,24,26,29,31,42,29,27,21,15,11,3,19,13,8,5,2,7,9,12,6,14,16,32,34,30,28,17,20,33,31,10,4,1,22,18,25,23,24,26,10,8,4,3,9,2,1,7,6,5,15.5,15.5,15.5,15.5,15.5,15.5,15.5,15.5,15.5,15.5,7,6,5,4,2,1,3,11,11,11,11,11,11,11
4096,1,16.2,2.86042601886603,20,18,17,14,19,21,12,5,11,6,13,15,23,2,4,8,10,22,1,3,7,9,16,30,34,37,36,43,45,33,28,39,31,40,41,46,25,27,35,38,44,24,26,29,32,42,28,23,17,15,10,3,18,13,7,4,2,6,9,11,5,12,16,32,34,30,29,20,21,33,31,14,8,1,24,19,22,25,26,27,10,8,4,3,9,2,1,7,6,5,15.5,15.5,15.5,15.5,15.5,15.5,15.5,15.5,15.5,15.5,7,6,5,4,2,1,3,11,11,11,11,11,11,11
4096,1,16.4,2.88009039959704,20,18,17,14,19,21,13,5,11,7,12,15,23,2,4,8,10,22,1,3,6,9,16,30,33,39,37,43,45,34,28,38,31,40,42,46,25,27,35,36,44,24,26,29,32,41,28,23,16,14,9,3,19,13,6,4,2,7,8,10,5,12,15,33,34,30,29,20,18,32,31,17,11,1,24,22,21,25,27,26,10,8,4,2,9,3,1,7,6,5,15.5,15.5,15.5,15.5,15.5,15.5,15.5,15.5,15.5,15.5,7,6,5,4,3,1,2,11,11,11,11,11,11,11
4096,1,16.6,2.89959557649698,20,18,17,14,19,21,13,5,11,6,12,15,23,2,4,8,10,22,1,3,7,9,16,30,32,38,37,43,45,35,28,39,34,40,42,46,25,27,31,36,44,24,26,29,33,41,27,20,16,14,10,3,18,13,5,4,2,8,7,9,6,11,15,32,34,30,29,23,19,33,31,17,12,1,25,22,21,24,28,26,10,8,4,2,9,3,1,7,6,5,15.5,15.5,15.5,15.5,15.5,15.5,15.5,15.5,15.5,15.5,7,6,5,4,2,1,3,11,11,11,11,11,11,11
4096,1,16.8,2.91894502947258,20,18,17,14,19,21,13,5,11,6,12,15,23,2,4,8,10,22,1,3,7,9,16,30,34,37,38,43,45,32,28,39,35,41,42,46,25,27,33,36,44,24,26,29,31,40,24,19,15,14,10,3,17,12,5,4,2,8,6,9,7,11,13,32,34,30,29,25,21,33,31,18,16,1,26,22,20,23,27,28,10,8,4,2,9,3,1,7,6,5,15.5,15.5,15.5,15.5,15.5,15.5,15.5,15.5,15.5,15.5,7,6,5,4,3,1,2,11,11,11,11,11,11,11
4096,1,17,2.93814211542352,20,19,17,14,18,21,13,5,11,7,12,15,23,2,4,8,10,22,1,3,6,9,16,30,33,37,38,43,45,31,27,39,35,41,42,46,25,28,34,36,44,24,26,29,32,40,23,18,15,14,10,3,17,12,5,4,1,9,6,7,8,11,13,34,33,30,29,25,21,32,31,20,16,2,26,22,19,24,27,28,10,7,4,2,9,3,1,8,6,5,15.5,15.5,15.5,15.5,15.5,15.5,15.5,15.5,15.5,15.5,7,6,5,4,3,1,2,11,11,11,11,11,11,11
4096,1,17.2,2.95719007421951,20,19,17,14,18,21,13,6,11,8,12,15,23,2,4,7,10,22,1,3,5,9,16,29,30,38,37,42,45,32,28,36,34,41,43,46,25,27,35,39,44,24,26,31,33,40,20,18,15,14,10,3,16,12,5,4,1,8,7,6,9,11,13,33,34,30,29,26,23,32,31,22,17,2,25,21,19,24,27,28,10,8,4,2,9,3,1,7,6,5,15.5,15.5,15.5,15.5,15.5,15.5,15.5,15.5,15.5,15.5,7,6,5,4,3,1,2,11,11,11,11,11,11,11
4096,1,17.4,2.97609203430904,20,19,17,14,18,21,13,8,11,9,12,15,23,2,4,6,10,22,1,3,5,7,16,32,29,39,36,43,45,33,27,37,35,41,42,46,25,28,34,38,44,24,26,30,31,40,19,18,15,14,8,3,16,12,5,4,1,9,7,6,10,11,13,33,34,30,29,25,23,32,31,22,17,2,26,20,21,24,27,28,10,8,4,2,9,3,1,7,6,5,15.5,15.5,15.5,15.5,15.5,15.5,15.5,15.5,15.5,15.5,7,6,5,4,3,1,2,11,11,11,11,11,11,11
4096,1,17.6,2.99485101798764,20,19,17,14,18,21,13,9,11,8,12,15,23,2,4,6,10,22,1,3,5,7,16,32,34,36,37,43,45,31,27,39,35,40,42,46,25,28,33,38,44,24,26,29,30,41,18,19,14,15,8,3,16,13,6,4,1,9,7,5,10,11,12,33,34,30,29,25,23,32,31,21,17,2,26,22,20,24,27,28,10,8,4,1,9,3,2,7,6,5,15.5,15.5,15.5,15.5,15.5,15.5,15.5,15.5,15.5,15.5,7,6,5,4,3,1,2,11,11,11,11,11,11,11
4096,1,17.8,3.01346994635059,20,19,17,14,18,21,13,9,11,8,12,15,23,2,4,6,10,22,1,3,5,7,16,33,34,37,39,43,45,31,27,38,35,40,42,46,25,28,32,36,44,24,26,29,30,41,18,19,14,15,8,3,16,13,6,4,1,9,7,5,10,11,12,33,34,29,30,25,23,32,31,22,17,2,26,21,20,24,27,28,10,8,4,1,9,2,3,7,6,5,15.5,15.5,15.5,15.5,15.5,15.5,15.5,15.5,15.5,15.5,7,6,5,4,3,1,2,11,11,11,11,11,11,11
4096,1,18,3.03195164395263,20,19,17,14,18,21,13,9,12,8,11,15,23,2,4,6,10,22,1,3,5,7,16,32,33,39,38,43,45,34,27,36,35,40,42,46,25,28,31,37,44,24,26,29,30,41,17,18,14,15,8,3,16,13,6,4,1,9,7,5,10,11,12,33,34,29,30,26,23,32,31,20,19,2,25,21,22,24,27,28,10,8,3,1,9,2,4,7,6,5,15.5,15.5,15.5,15.5,15.5,15.5,15.5,15.5,15.5,15.5,7,6,5,3,4,1,2,11,11,11,11,11,11,11
4096,1,18.2,3.05029884319575,20,19,17,14,18,21,13,9,12,8,11,15,23,2,4,6,10,22,1,3,5,7,16,32,33,39,37,42,45,34,27,38,35,40,43,46,25,28,31,36,44,24,26,29,30,41,17,18,14,15,8,3,16,13,6,4,1,9,7,5,10,11,12,33,34,29,30,25,23,32,31,21,19,2,26,20,22,24,27,28,10,8,3,1,9,2,4,7,6,5,15.5,15.5,15.5,15.5,15.5,15.5,15.5,15.5,15.5,15.5,7,6,4,3,5,1,2,11,11,11,11,11,11,11
4096,1,18.4,3.06851418846428,20,19,17,14,18,21,13,9,12,8,11,15,23,2,4,6,10,22,1,3,5,7,16,29,34,38,37,42,45,31,27,39,36,40,43,46,25,28,32,35,44,24,26,33,30,41,17,18,14,15,8,3,16,13,6,5,1,9,7,4,10,11,12,33,34,29,30,25,24,32,31,22,19,2,26,20,21,23,27,28,10,8,3,1,9,2,4,7,6,5,15.5,15.5,15.5,15.5,15.5,15.5,15.5,15.5,15.5,15.5,7,6,4,3,5,1,2,11,11,11,11,11,11,11
4096,1,18.6,3.08660024002455,20,19,17,14,18,21,13,9,12,8,11,15,23,2,4,6,10,22,1,3,5,7,16,29,34,37,38,42,45,31,27,39,36,40,43,46,25,28,33,35,44,24,26,32,30,41,17,18,13,15,8,3,16,14,6,5,1,10,7,4,9,11,12,33,34,29,30,25,23,32,31,21,19,2,27,20,22,24,26,28,10,9,3,1,8,2,4,7,6,5,15.5,15.5,15.5,15.5,15.5,15.5,15.5,15.5,15.5,15.5,7,6,4,3,5,1,2,11,11,11,11,11,11,11
4096,1,18.8,3.1045594777057,20,19,17,15,18,21,13,9,12,8,11,14,23,2,4,6,10,22,1,3,5,7,16,29,34,37,39,41,45,30,27,38,36,40,43,46,25,28,32,35,44,24,26,31,33,42,17,19,13,15,8,3,16,14,6,5,1,9,7,4,10,11,12,32,34,29,30,25,24,33,31,21,18,2,27,20,22,23,26,28,10,9,3,2,8,1,5,7,6,4,15.5,15.5,15.5,15.5,15.5,15.5,15.5,15.5,15.5,15.5,7,6,4,3,5,1,2,11,11,11,11,11,11,11
4096,1,19,3.12239430437605,20,19,17,15,18,21,13,9,12,8,11,14,23,2,4,6,10,22,1,3,5,7,16,29,34,37,39,42,45,30,27,38,36,40,43,46,25,28,31,35,44,24,26,32,33,41,17,19,13,15,8,3,16,14,6,5,1,10,7,4,9,11,12,32,34,29,30,25,24,33,31,21,18,2,27,20,22,23,26,28,10,9,3,2,8,1,5,7,6,4,15.5,15.5,15.5,15.5,15.5,15.5,15.5,15.5,15.5,15.5,7,6,4,3,5,1,2,11,11,11,11,11,11,11
4096,1,19.2,3.14010704922916,20,19,17,15,18,21,13,10,12,8,11,14,23,2,4,6,9,22,1,3,5,7,16,28,35,38,37,42,45,30,27,39,34,40,43,46,25,29,33,36,44,24,26,32,31,41,16,19,13,15,8,3,17,14,6,5,1,10,7,4,9,11,12,31,34,29,30,25,24,33,32,22,18,2,27,20,21,23,26,28,10,9,3,2,8,1,5,7,6,4,15.5,15.5,15.5,15.5,15.5,15.5,15.5,15.5,15.5,15.5,7,6,4,3,5,1,2,11,11,11,11,11,11,11
4096,1,19.4,3.15769997089169,20,19,17,15,18,21,13,10,12,8,11,14,23,2,4,6,9,22,1,3,5,7,16,29,34,38,37,42,45,31,27,39,35,40,43,46,25,28,30,36,44,24,26,32,33,41,16,19,12,15,8,3,17,14,6,5,1,10,7,4,9,11,13,31,34,29,30,25,24,33,32,21,18,2,26,20,22,23,27,28,10,9,3,2,8,1,5,7,6,4,15.5,15.5,15.5,15.5,15.5,15.5,15.5,15.5,15.5,15.5,7,6,4,3,5,1,2,11,11,11,11,11,11,11
4096,1,19.6,3.1751752603652,20,19,17,15,18,21,13,10,12,8,11,14,23,2,4,6,9,22,1,3,5,7,16,30,34,38,39,42,45,31,27,37,35,40,43,46,25,28,29,36,44,24,26,33,32,41,16,19,12,15,8,3,17,14,6,5,1,10,7,4,9,11,13,31,34,29,30,25,23,33,32,21,18,2,26,20,22,24,27,28,10,9,3,2,8,1,5,7,6,4,15.5,15.5,15.5,15.5,15.5,15.5,15.5,15.5,15.5,15.5,7,6,4,3,5,1,2,11,11,11,11,11,11,11
4096,1,19.8,3.1925350438122,19,20,17,15,18,21,13,10,12,8,11,14,23,2,4,6,9,22,1,3,5,7,16,29,34,39,37,42,45,31,28,38,35,40,43,46,25,27,30,36,44,24,26,33,32,41,16,19,12,15,8,3,17,14,6,5,1,9,7,4,10,11,13,30,34,29,31,25,24,33,32,22,18,2,26,20,21,23,27,28,10,8,3,2,9,1,5,7,6,4,15.5,15.5,15.5,15.5,15.5,15.5,15.5,15.5,15.5,15.5,7,6,4,3,5,1,2,11,11,11,11,11,11,11
4096,1,20,3.20978138519678,19,20,17,15,18,21,14,10,12,8,11,13,23,2,4,6,9,22,1,3,5,7,16,29,34,38,37,42,45,30,28,39,36,40,43,46,25,27,31,35,44,24,26,33,32,41,16,19,12,15,8,3,17,14,6,5,1,9,7,4,10,11,13,30,34,29,31,24,25,33,32,22,18,2,26,21,20,23,27,28,10,8,3,2,9,1,5,7,6,4,15.5,15.5,15.5,15.5,15.5,15.5,15.5,15.5,15.5,15.5,7,6,3,2,5,1,4,11,11,11,11,11,11,11
4096,1,20.2,3.22691628878859,19,20,17,15,18,21,14,10,12,8,11,13,23,2,4,6,9,22,1,3,5,7,16,29,36,38,37,42,45,30,28,39,34,40,43,46,25,27,31,35,44,24,26,33,32,41,16,18,12,15,8,4,17,14,6,5,1,9,7,3,10,11,13,30,34,29,31,25,23,33,32,21,19,2,27,22,20,24,26,28,10,9,3,2,8,1,5,7,6,4,15.5,15.5,15.5,15.5,15.5,15.5,15.5,15.5,15.5,15.5,7,6,3,2,5,1,4,11,11,11,11,11,11,11
4096,1,20.4,3.24394170153907,19,20,17,15,18,21,14,10,12,8,11,13,23,2,4,6,9,22,1,3,5,7,16,29,34,39,35,42,44,30,28,37,32,40,43,46,25,27,31,36,45,24,26,33,38,41,16,18,12,15,8,3,17,14,6,5,1,9,7,4,10,11,13,30,34,29,31,23,24,33,32,22,19,2,26,21,20,25,27,28,10,8,3,2,9,1,5,7,6,4,15.5,15.5,15.5,15.5,15.5,15.5,15.5,15.5,15.5,15.5,7,6,3,2,5,1,4,11,11,11,11,11,11,11
4096,1,20.6,3.26085951533761,19,20,17,15,18,21,14,10,12,8,11,13,23,3,4,6,9,22,1,2,5,7,16,29,34,39,35,42,45,30,28,36,32,40,43,46,25,27,31,38,44,24,26,33,37,41,16,18,12,15,8,4,17,14,6,5,1,9,7,3,10,11,13,30,34,29,31,23,25,33,32,22,19,2,26,20,21,24,27,28,10,8,3,2,9,1,5,7,6,4,15.5,15.5,15.5,15.5,15.5,15.5,15.5,15.5,15.5,15.5,7,6,3,2,5,1,4,11,11,11,11,11,11,11
4096,1,20.7999999999999,3.27767156915499,19,20,17,15,18,21,14,10,12,8,11,13,23,3,4,6,9,22,1,2,5,7,16,29,31,38,35,42,45,30,28,37,32,40,43,46,26,27,33,39,44,24,25,34,36,41,16,18,12,15,8,3,17,14,6,5,1,9,7,2,10,11,13,30,34,29,31,24,25,33,32,22,19,4,27,21,20,23,26,28,10,8,3,2,9,1,5,7,6,4,15.5,15.5,15.5,15.5,15.5,15.5,15.5,15.5,15.5,15.5,7,6,3,2,5,1,4,11,11,11,11,11,11,11
4096,1,21,3.29437965108094,19,20,17,15,18,21,14,10,12,8,11,13,23,3,4,6,9,22,1,2,5,7,16,29,31,38,32,42,45,30,27,39,34,40,43,46,26,28,35,37,44,24,25,33,36,41,16,18,12,15,8,3,17,14,6,4,1,9,7,2,10,11,13,30,34,29,31,24,26,33,32,22,20,5,25,21,19,23,27,28,10,8,3,2,9,1,4,7,6,5,15.5,15.5,15.5,15.5,15.5,15.5,15.5,15.5,15.5,15.5,7,6,3,2,5,1,4,11,11,11,11,11,11,11
4096,1,21.2,3.31098550026216,19,20,17,15,18,21,14,10,12,8,11,13,23,3,4,6,9,22,1,2,5,7,16,29,30,38,32,42,45,31,28,39,33,40,43,46,26,27,36,34,44,24,25,37,35,41,16,18,12,15,8,3,17,14,5,4,1,10,6,2,9,11,13,31,34,29,30,24,25,33,32,21,19,7,26,22,20,23,27,28,10,8,3,2,9,1,4,7,6,5,15.5,15.5,15.5,15.5,15.5,15.5,15.5,15.5,15.5,15.5,7,6,3,2,5,1,4,11,11,11,11,11,11,11
4096,1,21.3999999999999,3.32749080874656,19,20,17,15,18,21,14,10,12,8,11,13,23,3,4,6,9,22,1,2,5,7,16,29,32,38,33,42,45,30,27,39,31,40,43,46,26,28,36,34,44,24,25,37,35,41,16,18,12,15,7,3,17,14,5,4,1,9,6,2,10,11,13,31,34,29,30,24,27,33,32,22,19,8,25,21,20,23,26,28,10,8,3,2,9,1,4,7,6,5,15.5,15.5,15.5,15.5,15.5,15.5,15.5,15.5,15.5,15.5,7,6,3,2,5,1,4,11,11,11,11,11,11,11
4096,1,21.6000000000001,3.34389722323944,19,20,17,15,18,21,14,10,12,8,11,13,23,3,4,6,9,22,1,2,5,7,16,29,32,36,37,42,45,31,28,39,30,40,43,46,25,27,35,34,44,24,26,33,38,41,16,18,12,15,7,3,17,14,5,4,1,9,6,2,8,11,13,31,34,29,30,25,27,33,32,22,19,10,26,21,20,23,24,28,10,8,3,2,9,1,4,7,6,5,15.5,15.5,15.5,15.5,15.5,15.5,15.5,15.5,15.5,15.5,7,6,3,2,5,1,4,11,11,11,11,11,11,11
4096,1,21.8,3.36020634677632,19,20,17,14,18,21,15,10,12,8,11,13,23,3,4,6,9,22,1,2,5,7,16,29,32,38,35,42,45,31,28,39,30,40,43,46,25,27,37,34,44,24,26,33,36,41,16,18,12,15,7,3,17,14,5,4,1,9,6,2,8,11,13,30,34,29,31,25,28,33,32,22,20,10,24,21,19,23,26,27,10,8,3,2,9,1,4,7,6,5,15.5,15.5,15.5,15.5,15.5,15.5,15.5,15.5,15.5,15.5,7,6,3,2,5,1,4,11,11,11,11,11,11,11
4096,1,22,3.37641974031768,19,20,17,14,18,21,15,10,12,8,11,13,23,3,4,6,9,22,1,2,5,7,16,29,33,37,35,42,45,31,28,38,30,40,43,46,26,27,39,36,44,24,25,32,34,41,16,18,13,15,7,3,17,14,5,4,1,8,6,2,9,10,12,30,34,29,31,26,27,33,32,22,20,11,24,21,19,23,25,28,10,8,3,2,9,1,4,7,6,5,15.5,15.5,15.5,15.5,15.5,15.5,15.5,15.5,15.5,15.5,7,6,4,3,5,1,2,11,11,11,11,11,11,11
4096,1,22.1999999999999,3.39253892426949,19,20,17,14,18,21,15,10,12,8,11,13,23,3,4,6,9,22,1,2,5,7,16,29,33,38,36,42,45,31,28,39,30,40,43,46,26,27,34,37,44,24,25,32,35,41,16,18,12,15,7,3,17,14,5,4,1,9,6,2,8,10,11,30,34,29,31,26,27,33,32,22,20,13,24,21,19,23,25,28,10,8,3,2,9,1,4,7,6,5,15.5,15.5,15.5,15.5,15.5,15.5,15.5,15.5,15.5,15.5,7,6,4,3,5,1,2,11,11,11,11,11,11,11
4096,1,22.4,3.40856537993421,19,20,17,14,18,21,15,10,12,8,11,13,23,3,4,6,9,22,1,2,5,7,16,29,36,37,35,42,45,30,28,39,31,41,43,46,26,27,33,38,44,24,25,32,34,40,16,18,12,15,7,3,17,13,5,4,1,8,6,2,9,10,11,31,34,29,30,26,28,33,32,22,21,14,25,20,19,23,24,27,10,8,3,2,9,1,4,7,6,5,15.5,15.5,15.5,15.5,15.5,15.5,15.5,15.5,15.5,15.5,7,6,4,3,5,1,2,11,11,11,11,11,11,11
4096,1,22.6,3.42450055089573,19,20,17,14,18,21,15,10,12,8,11,13,23,3,4,6,9,22,1,2,5,7,16,29,38,37,35,43,45,30,28,39,32,41,42,46,26,27,34,36,44,24,25,31,33,40,16,18,12,14,7,3,17,13,5,4,1,8,6,2,9,10,11,31,34,29,30,27,28,33,32,23,21,15,24,20,19,22,25,26,10,8,3,2,9,1,4,7,6,5,15.5,15.5,15.5,15.5,15.5,15.5,15.5,15.5,15.5,15.5,7,6,4,3,5,1,2,11,11,11,11,11,11,11
4096,1,22.8,3.44034584434206,19,20,17,14,18,21,15,10,12,8,11,13,23,3,4,6,9,22,1,2,5,7,16,29,38,36,37,43,45,30,28,39,32,41,42,46,26,27,34,35,44,25,24,31,33,40,15,18,12,14,7,3,17,13,5,4,1,8,6,2,9,10,11,31,34,29,30,27,28,33,32,21,22,16,24,20,19,23,25,26,10,8,3,2,9,1,4,7,6,5,15.5,15.5,15.5,15.5,15.5,15.5,15.5,15.5,15.5,15.5,7,6,4,3,5,1,2,11,11,11,11,11,11,11
4096,1,23,3.45610263232912,19,20,17,14,18,21,15,10,12,8,11,13,23,4,3,6,9,22,1,2,5,7,16,29,39,34,36,43,45,30,28,38,32,41,42,46,27,26,37,35,44,25,24,31,33,40,15,18,12,14,7,4,17,13,5,3,1,8,6,2,9,10,11,31,33,28,30,27,29,34,32,23,22,16,21,20,19,24,25,26,10,8,3,1,9,2,4,7,6,5,15.5,15.5,15.5,15.5,15.5,15.5,15.5,15.5,15.5,15.5,7,6,4,3,5,1,2,11,11,11,11,11,11,11
4096,1,23.1999999999999,3.47177225298877,19,20,17,14,18,21,15,10,12,8,11,13,23,4,3,6,9,22,1,2,5,7,16,29,39,35,37,43,45,31,28,38,32,41,42,46,27,26,36,34,44,25,24,30,33,40,15,18,12,14,7,4,16,13,5,3,1,8,6,2,9,10,11,31,33,28,29,27,30,34,32,25,24,17,21,20,19,22,23,26,10,8,3,1,9,2,4,7,6,5,15.5,15.5,15.5,15.5,15.5,15.5,15.5,15.5,15.5,15.5,7,6,4,3,5,1,2,11,11,11,11,11,11,11
4096,1,23.4,3.48735601168416,19,20,17,14,18,21,15,10,12,8,11,13,23,4,3,6,9,22,1,2,5,7,16,32,39,38,37,43,45,30,28,35,31,41,42,46,27,26,34,36,44,25,24,29,33,40,15,18,12,14,7,4,16,13,5,3,1,8,6,2,9,10,11,30,33,28,29,27,31,34,32,26,24,17,22,20,19,21,23,25,10,8,3,1,9,2,4,7,6,5,15.5,15.5,15.5,15.5,15.5,15.5,15.5,15.5,15.5,15.5,7,6,4,3,5,1,2,11,11,11,11,11,11,11
4096,1,23.6,3.50285518211498,19,20,17,14,18,21,15,10,12,8,11,13,23,4,3,6,9,22,1,2,5,7,16,33,39,36,35,43,45,30,28,37,32,41,42,46,27,26,34,38,44,25,24,29,31,40,15,17,12,14,7,4,16,13,5,3,1,8,6,2,9,10,11,30,33,27,29,28,31,34,32,25,26,18,23,20,19,21,22,24,10,8,3,1,9,2,4,7,6,5,15.5,15.5,15.5,15.5,15.5,15.5,15.5,15.5,15.5,15.5,7,6,4,3,5,1,2,11,11,11,11,11,11,11
4096,1,23.7999999999999,3.51827100737553,19,20,18,14,17,21,15,10,12,8,11,13,23,4,3,6,9,22,1,2,5,7,16,34,39,37,35,43,45,31,28,36,32,41,42,46,27,26,33,38,44,24,25,29,30,40,15,17,12,14,7,4,16,13,5,3,1,8,6,2,9,10,11,30,34,27,29,28,32,33,31,26,25,18,23,20,19,22,21,24,10,8,3,1,9,2,4,7,6,5,15.5,15.5,15.5,15.5,15.5,15.5,15.5,15.5,15.5,15.5,7,6,4,3,5,1,2,11,11,11,11,11,11,11
4096,1,24,3.53360470096768,19,20,18,14,17,21,15,10,12,8,11,13,23,4,3,6,9,22,1,2,5,7,16,35,39,36,34,43,45,32,29,37,31,41,42,46,27,26,33,38,44,24,25,28,30,40,15,17,12,14,7,4,16,13,5,3,1,8,6,2,9,10,11,30,34,27,29,28,32,33,31,26,25,18,23,20,19,22,21,24,10,8,2,1,9,3,4,7,6,5,15.5,15.5,15.5,15.5,15.5,15.5,15.5,15.5,15.5,15.5,7,6,4,3,5,1,2,11,11,11,11,11,11,11
4096,1,24.2,3.5488574477714,19,20,18,14,17,21,15,10,12,8,11,13,23,4,3,6,9,22,1,2,5,7,16,34,38,37,35,43,45,33,29,36,31,41,42,46,27,26,32,39,44,24,25,28,30,40,15,17,12,14,7,4,16,13,5,3,1,8,6,2,9,10,11,30,34,27,29,28,32,33,31,26,25,18,24,20,19,23,21,22,10,7,2,1,9,3,4,8,6,5,15.5,15.5,15.5,15.5,15.5,15.5,15.5,15.5,15.5,15.5,7,6,4,3,5,1,2,11,11,11,11,11,11,11
4096,1,24.4,3.56403040497475,19,20,18,14,17,21,15,10,12,8,11,13,23,4,3,6,9,22,1,2,5,7,16,35,38,36,34,43,45,33,30,37,31,41,42,46,27,26,32,39,44,24,25,29,28,40,15,17,12,14,7,5,16,13,4,3,1,8,6,2,9,10,11,29,33,27,30,28,34,32,31,26,25,18,24,20,19,22,21,23,10,7,2,1,9,3,4,8,6,5,15.5,15.5,15.5,15.5,15.5,15.5,15.5,15.5,15.5,15.5,7,6,4,3,5,1,2,11,11,11,11,11,11,11
4096,1,24.6,3.57912470296558,19,20,18,14,17,21,15,10,12,8,11,13,23,4,3,6,9,22,1,2,5,7,16,35,36,37,34,43,45,33,30,38,31,41,42,46,27,26,32,39,44,24,25,28,29,40,15,17,12,14,7,5,16,13,4,3,1,8,6,2,9,10,11,28,33,27,29,30,34,32,31,26,25,18,24,20,19,23,21,22,10,7,2,1,9,3,4,8,6,5,15.5,15.5,15.5,15.5,15.5,15.5,15.5,15.5,15.5,15.5,7,6,4,3,5,1,2,11,11,11,11,11,11,11
4096,1,24.8,3.59414144618661,20,19,18,14,17,21,15,10,12,8,11,13,23,4,3,6,9,22,1,2,5,7,16,37,39,35,34,43,45,33,28,36,31,41,42,46,27,26,32,38,44,25,24,29,30,40,15,17,12,14,7,5,16,13,4,3,1,8,6,2,9,10,11,28,32,27,29,30,34,33,31,26,25,18,24,20,19,23,21,22,10,7,2,1,9,3,4,8,6,5,15.5,15.5,15.5,15.5,15.5,15.5,15.5,15.5,15.5,15.5,7,6,4,3,5,1,2,11,11,11,11,11,11,11
4096,1,25,3.60908171395603,20,19,18,14,17,21,15,10,12,8,11,13,23,4,3,6,9,22,1,2,5,7,16,36,38,39,33,43,45,34,28,37,31,41,42,46,27,26,32,35,44,25,24,29,30,40,15,17,12,14,7,5,16,13,4,3,1,8,6,2,9,10,11,28,33,27,29,30,34,32,31,26,25,18,24,22,19,23,20,21,10,7,2,1,9,3,4,8,5,6,15.5,15.5,15.5,15.5,15.5,15.5,15.5,15.5,15.5,15.5,7,6,4,3,5,1,2,11,11,11,11,11,11,11
4096,1,25.1999999999999,3.62394656125491,20,19,18,14,17,21,15,10,12,8,11,13,23,4,3,6,9,22,1,2,5,7,16,38,35,37,33,43,45,34,29,36,31,41,42,46,28,26,32,39,44,25,24,27,30,40,15,17,12,14,7,5,16,13,4,3,1,8,6,2,9,10,11,28,33,27,29,30,34,32,31,26,25,18,23,22,19,24,20,21,10,7,2,1,9,3,4,8,5,6,15.5,15.5,15.5,15.5,15.5,15.5,15.5,15.5,15.5,15.5,7,6,4,3,5,2,1,11,11,11,11,11,11,11
4096,1,25.4,3.63873701948347,20,19,18,14,17,21,15,10,12,8,11,13,23,4,3,6,9,22,1,2,5,7,16,39,36,38,33,43,45,34,29,35,31,40,42,46,28,26,32,37,44,25,24,27,30,41,15,17,12,14,7,5,16,13,4,3,1,8,6,2,9,10,11,28,33,26,29,30,34,32,31,27,25,18,23,22,19,24,20,21,10,7,2,1,9,3,4,8,6,5,15.5,15.5,15.5,15.5,15.5,15.5,15.5,15.5,15.5,15.5,7,6,4,3,5,2,1,11,11,11,11,11,11,11
4096,1,25.6,3.65345409718729,20,19,18,14,17,21,15,10,12,8,11,13,23,4,3,6,9,22,1,2,5,7,16,35,38,37,33,43,45,34,29,36,32,41,42,46,28,26,31,39,44,25,24,27,30,40,15,17,12,14,7,6,16,13,4,3,1,8,5,2,9,10,11,28,33,26,29,31,34,32,30,27,25,18,23,21,19,24,20,22,10,7,2,1,9,3,4,8,5,6,15.5,15.5,15.5,15.5,15.5,15.5,15.5,15.5,15.5,15.5,7,6,4,3,5,2,1,11,11,11,11,11,11,11
4096,1,25.8,3.66809878075523,20,19,18,14,17,21,15,10,12,8,11,13,23,4,3,6,9,22,1,2,5,7,16,37,36,38,34,43,45,33,30,35,32,41,42,46,28,26,31,39,44,25,24,27,29,40,15,17,12,14,7,6,16,13,4,3,1,8,5,2,9,10,11,28,32,25,29,31,34,33,30,27,26,18,24,22,19,23,20,21,10,7,2,1,9,4,3,8,5,6,15.5,15.5,15.5,15.5,15.5,15.5,15.5,15.5,15.5,15.5,7,6,4,3,5,2,1,11,11,11,11,11,11,11
4096,1,26,3.68267203509023,20,19,18,14,17,21,15,10,12,8,11,13,23,4,3,6,9,22,1,2,5,7,16,39,38,35,34,43,45,33,30,36,32,41,42,46,28,26,31,37,44,25,24,27,29,40,15,17,12,14,7,6,16,13,4,3,1,8,5,2,10,9,11,28,32,25,29,31,34,33,30,27,26,18,24,22,19,23,20,21,10,7,2,1,9,4,3,8,5,6,15.5,15.5,15.5,15.5,15.5,15.5,15.5,15.5,15.5,15.5,7,6,4,3,5,2,1,11,11,11,11,11,11,11
